target,source,Count
avantrip,CircoVip,2
avantrip,avantrip,2
avantrip,InfoViajera,1
avantrip,JosefinaBoland,1
avantrip,LeaEn280,1
avantrip,LeoElTacheroo,1
avantrip,Lourdesgui,1
avantrip,MaritaBalbi,1
avantrip,RadioQV,1
avantrip,RubinoPL,1
avantrip,"SKYAirline_CL",1
avantrip,"SMN_Argentina",1
avantrip,Sebarzola,1
avantrip,TolyGirl,1
avantrip,ViajarSiempre,1
avantrip,fazioagus,1
avantrip,gabrielangio,1
avantrip,nanomago,1
avantrip,pablitolescano,1
avantrip,spain,1
avantrip,subtepass,1
avantrip,valb81,1
avantrip,viajeson,1
infoviajera,InfoViajera,5
assistcard,,
"quiz_viajero",xoffpoppe,5
"quiz_viajero",ChinoAlbertoni,3
"quiz_viajero",Gonzautd,3
"quiz_viajero",berlich,3
"quiz_viajero",ladipalma,3
"quiz_viajero",sabrifields,3
"quiz_viajero",AlexSpiraquis,2
"quiz_viajero",Juls0105,2
"quiz_viajero",LauVerano,2
"quiz_viajero",avantrip,2
"quiz_viajero",caterinack,2
"quiz_viajero",majogm,2
"quiz_viajero",mardelcore,2
"quiz_viajero",osvaldobazan,2
"quiz_viajero",silbearis,2
"quiz_viajero",verospot,2
"quiz_viajero",viviendoensuiza,2
"quiz_viajero",AnaLeaRonza,1
"quiz_viajero",BeMyOnlyReason,1
"quiz_viajero",CarlosSL21,1
"quiz_viajero",CarlosZrz,1
"quiz_viajero",Chekcov,1
"quiz_viajero",CinLed99,1
"quiz_viajero",Disneydreamsar,1
"quiz_viajero",ElForenseOk,1
"quiz_viajero",ElPailotOk,1
"quiz_viajero",EliOriti,1
"quiz_viajero",ElianaJosefina,1
"quiz_viajero",Evange2012,1
"quiz_viajero",GaboListorti,1
"quiz_viajero","Gabser_",1
"quiz_viajero","Gonzalomanuel_",1
"quiz_viajero",GugusCABJ,1
"quiz_viajero",JPFasa,1
"quiz_viajero",Katylandiaok,1
"quiz_viajero",Kiwita,1
"quiz_viajero",MissatomicDoc,1
"quiz_viajero",RadioQV,1
"quiz_viajero",RaspandoelMapa,1
"quiz_viajero",RoxaDada,1
"quiz_viajero",SabrinaAle8,1
"quiz_viajero",SantiaggoM,1
"quiz_viajero",Soleax,1
"quiz_viajero",SoyGipiyque,1
"quiz_viajero",Sybilla1201,1
"quiz_viajero",Trinko83,1
"quiz_viajero",TsunamiOfLove,1
"quiz_viajero","_emiliag",1
"quiz_viajero",alefiliberti,1
"quiz_viajero",alejandramacri,1
"quiz_viajero",alemontecchia,1
"quiz_viajero",alepque,1
"quiz_viajero",algunosabriles,1
"quiz_viajero",amigaequis,1
"quiz_viajero",anajuliag,1
"quiz_viajero",aninklein,1
"quiz_viajero",anyular,1
"quiz_viajero",arielsonnet,1
"quiz_viajero",atuviejalegusto,1
"quiz_viajero",autopolitics,1
"quiz_viajero",brancowitz,1
"quiz_viajero",cachivachestyle,1
"quiz_viajero",carlosmdp,1
"quiz_viajero","cary_santana",1
"quiz_viajero","celeste_gilles",1
"quiz_viajero",chelologu,1
"quiz_viajero","cin_namon",1
"quiz_viajero",dkey22,1
"quiz_viajero",dosatomoslocos,1
"quiz_viajero",estebanm74,1
"quiz_viajero",fabricioruiz77,1
"quiz_viajero",faimi1963,1
"quiz_viajero",flandivar,1
"quiz_viajero",fscheps,1
"quiz_viajero",gerardcanhete,1
"quiz_viajero",ginocingolani,1
"quiz_viajero",gullotony,1
"quiz_viajero",ivanmickev,1
"quiz_viajero",jadcs00,1
"quiz_viajero",jomannez,1
"quiz_viajero","ju_n12",1
"quiz_viajero",karu011,1
"quiz_viajero",karveronesi,1
"quiz_viajero",lavureth,1
"quiz_viajero",luligrot,1
"quiz_viajero",magnusmefisto,1
"quiz_viajero",maracampbell,1
"quiz_viajero",matilf99,1
"quiz_viajero",mislugaresblog,1
"quiz_viajero",mramanzini,1
"quiz_viajero",nyagainblog,1
"quiz_viajero","ocampo_irene",1
"quiz_viajero",pcosta101,1
"quiz_viajero",petalodesal,1
"quiz_viajero","quiz_viajero",1
"quiz_viajero",sebadonadio,1
"quiz_viajero","sergio_yl",1
"quiz_viajero",srfarieta,1
"quiz_viajero",sserepa,1
"quiz_viajero",stellasarille,1
"quiz_viajero",vecu88,1
zurichseguros,,
floxie10,SirChandlerBlog,7
floxie10,Floxie10,6
floxie10,aeropuertoeze,3
floxie10,delta903fm,3
floxie10,BettBals,2
floxie10,KikeLippi,2
floxie10,Ludmilabrz,2
floxie10,aa2000oficial,2
floxie10,capitanintriga,2
floxie10,ginotubaro,2
floxie10,"Ale_DominguezG",1
floxie10,Angeles4patasEz,1
floxie10,ArianaSdrigotti,1
floxie10,Beatbackbones,1
floxie10,CanalCiudadBA,1
floxie10,CarlaaRinga,1
floxie10,CiudadDeBondis,1
floxie10,CrewOfTheSeas,1
floxie10,CristianBaral,1
floxie10,"Dan_Lande",1
floxie10,DinhaViajera,1
floxie10,ESPNFutbolClub,1
floxie10,FGCH8,1
floxie10,FIFAWorldCup,1
floxie10,FedexGar,1
floxie10,GBatistutaOK,1
floxie10,"German_m",1
floxie10,GetTravelMarket,1
floxie10,GonzaFerre,1
floxie10,GrowDigSchool,1
floxie10,"Hugo_Daniel_W",1
floxie10,LANACION,1
floxie10,LASTEXITshirts,1
floxie10,MackyBianchi,1
floxie10,MarianaErro,1
floxie10,MarinaDavel,1
floxie10,MaruDamele,1
floxie10,NahuelFloyd,1
floxie10,"Neco_Cabral",1
floxie10,RaMuriass,1
floxie10,SIMMSAmex,1
floxie10,SilSterinPensel,1
floxie10,TipoCualquieraa,1
floxie10,Veronxveron,1
floxie10,VickyLaColorada,1
floxie10,"_catanzaroOK",1
floxie10,"_daro",1
floxie10,airlivenet,1
floxie10,argdeviaje,1
floxie10,bonitobox76,1
floxie10,buky1974,1
floxie10,carlosecarranza,1
floxie10,carreteandoblog,1
floxie10,cecifilas,1
floxie10,cecisaia,1
floxie10,chelostereo,1
floxie10,chiquitoprofili,1
floxie10,dalmaradona,1
floxie10,desdelalucila,1
floxie10,elluquillo,1
floxie10,elsuizorebelde,1
floxie10,fatimasoliz,1
floxie10,ferreiromarcela,1
floxie10,fgzapiola,1
floxie10,"fifaworldcup_es",1
floxie10,galindolore,1
floxie10,gonzoelbonzo,1
floxie10,jbouzali,1
floxie10,juancruzgarcia,1
floxie10,karlaflying,1
floxie10,kokote78,1
floxie10,"lausalas_",1
floxie10,"libra_hn",1
floxie10,maribelmoio,1
floxie10,metromedio,1
floxie10,noradelllao,1
floxie10,pepicuello,1
floxie10,perroscalle,1
floxie10,piesenlaluna,1
floxie10,"raechelle_e",1
floxie10,"ricky_martin",1
floxie10,sundayfundayz,1
floxie10,tintilaymarcelo,1
floxie10,twitdeine,1
floxie10,ultragrana,1
floxie10,vanturrisima,1
floxie10,wichumcita,1
sirchandlerblog,Balldo,1
sirchandlerblog,EstVillaDolores,1
sirchandlerblog,EstebanBianchi,1
sirchandlerblog,KMPHFOX26,1
sirchandlerblog,PasoCRMza,1
sirchandlerblog,RicardoDelpiano,1
sirchandlerblog,SanFiAr,1
sirchandlerblog,SeguridadPSA,1
sirchandlerblog,SpottersB,1
sirchandlerblog,aa2000oficial,1
sirchandlerblog,airlivenet,1
sirchandlerblog,alesavino,1
sirchandlerblog,andreslavallen,1
sirchandlerblog,arielcastillo74,1
sirchandlerblog,biobio,1
sirchandlerblog,climaballester,1
sirchandlerblog,diazpez,1
sirchandlerblog,elmundotoday,1
sirchandlerblog,germanbreier,1
sirchandlerblog,harielg79,1
sirchandlerblog,"lb_SFO",1
sirchandlerblog,linea8riogrande,1
sirchandlerblog,"memo_schutz",1
sirchandlerblog,mlertora,1
sirchandlerblog,nonsugaradded,1
sirchandlerblog,sserepa,1
mapfre,,
aseguratuviaje,,
promosaereasar,,
assist365ok,PViajeros,4
assist365ok,decidilo,4
assist365ok,"quiz_viajero",4
assist365ok,InfoViajera,3
assist365ok,fieritacatalano,2
assist365ok,Acanatu,1
assist365ok,SerginhoGrondo,1
assist365ok,aidapawlak,1
assist365ok,assist365ok,1
assist365ok,flaviusss,1
assist365ok,juanoflyer,1
assist365ok,vamosdeviajeAR,1
revestrategas,"ssn_ar",21
revestrategas,Expoestrategas,20
revestrategas,PoolEconomico,19
revestrategas,"L2_LaSegunda",10
revestrategas,AllianzARG,6
revestrategas,MaSegurosTw,4
revestrategas,fedpatoficial,4
revestrategas,"BancoCentral_AR",3
revestrategas,CESVI,3
revestrategas,CNPSeguros,3
revestrategas,segurosSURAar,3
revestrategas,123Seguro,2
revestrategas,"Fundacion_ORP",2
revestrategas,GrupoFV,2
revestrategas,"Hack2in_L2",2
revestrategas,INDECArgentina,2
revestrategas,MAPFRE,2
revestrategas,bbva,2
revestrategas,"confiar_seguros",2
revestrategas,ruseguros,2
revestrategas,"Aerolineas_AR",1
revestrategas,AgroON24,1
revestrategas,AlertasTransito,1
revestrategas,ApasSalta,1
revestrategas,AsenjoAle,1
revestrategas,BetinaAzugna,1
revestrategas,"CAB_oficial",1
revestrategas,CNVArgentina,1
revestrategas,ChubbDigitalLat,1
revestrategas,"Chubb_Seguros",1
revestrategas,CofaceArgentina,1
revestrategas,DanielValli,1
revestrategas,EndeavorArg,1
revestrategas,FernandoBhi,1
revestrategas,ICMIFAmericas,1
revestrategas,IMFSpokesperson,1
revestrategas,"INSTITUTO_ASEG",1
revestrategas,IntegritySeg,1
revestrategas,JavierJiguacel,1
revestrategas,"LaRural_BsAs",1
revestrategas,LloydsofLondon,1
revestrategas,MSFTArgentina,1
revestrategas,MScaglioneOCDE,1
revestrategas,MediaticaY,1
revestrategas,MomentsES,1
revestrategas,Prudenciaseg,1
revestrategas,RS4Neumaticos,1
revestrategas,"Renovables_Ar",1
revestrategas,RevEstrategas,1
revestrategas,SistranC,1
revestrategas,TRLaLey,1
revestrategas,WTWrisk,1
revestrategas,anselmiseba,1
revestrategas,assistcard,1
revestrategas,colinettrotta,1
revestrategas,fedekarlen,1
revestrategas,flybondioficial,1
revestrategas,fspotorno,1
revestrategas,gusmarti87,1
revestrategas,jabereciartua,1
revestrategas,pseguros,1
revestrategas,sistemaparaPAS,1
"universal.assistance",,
"travelace.assistance",,
ojosmarroncomun,,
sancristobalseg,,
seguroslacaja,GENERALI,1
allianzarg,Allianz,1
allianzarg,ParaDeportesOK,1
allianzarg,canaldeportv,1
expoestrategas,,
quizviajeroig,,
asistenciaya,AsistenciaYa,4
asistenciaya,InfoViajera,2
asistenciaya,ElPailotOk,1
asistenciaya,Federic80124621,1
asistenciaya,argdeviaje,1
asistenciaya,carreteandoblog,1
asistenciaya,flybondioficial,1
tsviaje,,
bertita2014,,
"kenn_qbe",,
todoriesgoweb,,
"kr.is6420",,
bnppcardifarg,CopaDavis,1
fedpatoficial,InfoSegVial,1
fedpatoficial,"ssn_ar",1
larevistadelazaro,,
"accidentesdetransito.co",,
celestegilles,,
floborelli,,
cecireiter,,
carlosatolosa,,
hotelkilo787,aa2000oficial,1
"buenafuente_seg","buenafuente_seg",1
universalassist,SanLorenzo,2
universalassist,MktRegistrado,1
ezequielalejan6,,
100segurotv,100seguroTV,1
"consultdent.ec",,
"martu_dominici",,
"cw_asesorasdeseguros",,
verukatrip,,
"lila_ssn",,
pooleconomico,,
"ssn_ar","Hacienda_Arg",1
"ssn_ar",SFMyC,1
"instituto_aseg",,
asegurarseonline,,
"leytransito.abogados",,
"lucaskowalec_",,
aminsurances,,
daniarcucci,,
pamelakarencobelo,,
"ines.letsgo",,
serficenterseguros,,
tiempodeseguros,AsenjoAle,1
tiempodeseguros,"NBAEnLinea_",1
tiempodeseguros,NBAspain,1
tiempodeseguros,TRLaLey,1
tiempodeseguros,cabboficial,1
tiempodeseguros,diariojudicial,1
tiempodeseguros,dzapatillas,1
tiempodeseguros,"el_pais",1
tiempodeseguros,infofotorun,1
tiempodeseguros,jdgarzulo,1
tiempodeseguros,ruseguros,1
tiempodeseguros,todoelderecho,1
assistravelok,,
medassistcard,,
segurossuraar,,
gbarbeito,,
dinhaviajera,,
"ink_qbe",,
positivelyjoan,,
basagente,,
maynardjgr,,
mequieroirahi,AsistenciaYa,2
blossombei,,
adrianratam,,
"worldtravel.fr",,
pabloae1970,,
pinorocha,,
"cardif_russia",,
quemero20,,
"fernando_zambon",,
garroteyasociados,,
startuptours,,
institutoaseguradormercantil,,
segurosaldia,"ssn_ar",5
segurosaldia,Cronistacom,4
segurosaldia,DineroSeguroTV,3
segurosaldia,AdrianWerthein,1
segurosaldia,"InfoNegocios_AR",1
segurosaldia,"Triunfo_Seguros",1
segurosaldia,infobae,1
fegahr,,
"ice_qbe",,
resourceful1942,,
vanturrisima,,
juanmonroig,,
awwasuites,,
kavn,Revolution41157,1
"_benjiefedecrew",,
angelguardrd,,
"gabriela_tre",,
stefanorepetto2,,
analiagoffi,,
"ssn_jiw",,
ljdajoker,,
bnpparibascardifmx,,
gydtravelers,,
"vivi_fotoviajando",,
dafeventos,,
"_travelace",,
abccardinal,,
chapelcobrokers,,
flwrgirl66x,,
mirtaboedo,avantrip,2
solobusescba,,
20cristi,AllianzARG,4
20cristi,20cristi,1
20cristi,"Allianz_es",1
aeropuertouio,,
asistencialegal2015,,
integrityseg,perroscalle,1
masegurostw,,
pbadorrey,,
sangarciacorre,,
"teamcc__",,
braiantoledo,,
carreteandoblog,,
empujandolimites,,
estasporviajar,,
fefegauna,,
santperezvitali,,
sebaagansters,,
abril077,,
bielaypiston,,
magojebus,,
mmonacci,"ssn_ar",2
olivefarmer,,
relax09trave,,
sergioapicella,,
compresegurosarg,,
juanoflyer,,
premiercorretoraoficial,,
elviajeamado,,
cabalasesores,,
grachumorel,,
joseurdiroz,,
desordendpanico,,
ernestovilla987,,
jimelandeiro,,
julianalvarezseguros,,
jzottos1,,
moodmentarg,,
"turista.ar",,
"yami_echague",,
lavidanomade,,
"moniqui_caceres",,
"veronica.mariana",,
assistravel,,
limpiezajuanlu,,
prudenciaseg,,
compresegurostw,CESVI,1
compresegurostw,infobae,1
compresegurostw,puntoapuntocba,1
"confiar_seguros","ssn_ar",2
"confiar_seguros",olympicchannel,1
"miyana_ssn","miyana_ssn",1
novaegide,,
"qbe_root",,
viasurance,,
chsegurosok,,
laputanorte,,
"osh_ssn",,
sunshinecoastlightning,,
alealzuga,,
aleottawa,,
alphatravelassistve,,
homegrownjoan,,
meibrea,,
onixrecuperadora,,
segurosfolino,,
"ssn_ssk",,
"00_ssn",,
aseguraencasa,,
btassist,,
camarapland,,
ladysilvyz,,
"new_british_passport",,
pili0909,,
premiumglobalinsurance,,
ricardo07cc,,
stuartsmyth66,,
travelacevenezuela,,
docentebonaeren,,
flyezequiel,azulinhasaereas,1
g4st2n,,
pdoctorovich,,
peterdoodes,,
rebeccuscom,,
rosariosegura1,,
scubasquadnation,,
sidneycambio,,
vanybrokers,,
asistenciaskopacarza,,
bfsweetcreatures,,
carlitaczok,,
fedecuco,,
gracielasasbon,,
hidabasrd,,
"lucas.cepeda",,
"saseguros_",,
simon25m,,
suarezrow,,
viajoprotegido,,
anilivramento,,
bossywhenneeded,,
"cyn_n_qbe.the.westie",,
manzurdiego,,
"mel_and_inuki",,
raspandoelmapa,,
"ssn_lehwa",,
tipsdeviajero,,
aeroaplicador1,,
dulcineacotter,,
edusssspow,,
"f_cardinal",,
"fer_panelo",,
icmifamericas,RevEstrategas,1
loretopepa09,,
"mapfreseguros.apm",,
marlaehrseguros,,
"matias.ola",,
ndapas2017,,
nmrocco,,
praktiqbe,,
reclamarzonasur,,
solquintans,,
soperuilh,,
turytecnia,,
adrifainstein,,
argentinosenasia,,
casasbaez2014,,
cmagp,,
dannicarvajal,,
gudamemessa,,
halffargentinabroker,,
"hernann_n",,
isabelleundurraga,,
javireiter,,
"juberseg_corretora",,
patrickpassport,,
pichiescudero26,,
qbemedienhaus,,
robertomenkes,,
"rushhour_lee",,
tuqui2004,,
vecu88,,
viajesdejuani,,
"alejandro__mtb",,
"alis_hbl",,
geralpettis,,
hortelmax,,
"humo_king",,
jimenaroldan,,
jpbfseguros,,
karinatangari15,,
"kaur_maria_cris",,
ladipalma,,
linnebrinkm,,
"mapfre_ve",,
maralegoz,TurismoEnChile,1
miniveintidos,PromosaereasAR,1
"moderndaygladiatos_",,
qbeautyxentials,,
"quakeboys_",,
sebasstianpine,,
segurosaqui,,
viajarsiempre,,
xime2203,,
arielsonnet,TwoPaddocks,1
aviacionline,,
bettbals,,
daafnediaz,,
danimeajuda,,
deritofer,,
drcaneda,,
familiasviajeras,,
jayvinfoong,,
"lucena_chimi",,
"matt_cuello",,
melaniarizzoli,,
mercantilandinaseguros,,
micalevaggi,,
openinsurances,,
talkseguros,,
tgrupsigorta,,
"yaninamartinez.martinarroyoipc",,
anfigueroa90,,
"boca_sanjuan",,
"cbtotal_services",,
comunidadavion,,
diazpez,,
federatier,,
gastonsena29,,
"german_m",,
jeremiasushy,,
kvivi24,,
lordwallaby,,
lucianaaon,,
marcostrappi,,
miscolectivos,,
nachotrusso,,
pitidelia,,
"rocio.milii",,
"shieo_qbe",earthescope,1
"ssn_ry",,
"taller_0kmichelli",,
twitdeine,viiwagner,1
veritoroblescas,,
"victor_biarnes",,
"_daro",,
beebsouza,,
carolinaandradeseguros,,
clickclickbf,,
delgrecoalfredo,,
devinmckinney1,,
dtrica,,
dubrabr,,
"dulcinea_photos",,
estudioderecha,InfoViajera,1
"fedemoreira_1",,
gabykiki,,
iagonob22,,
integraleseguros,,
jmi149,,
leqrodriguez,,
"luca_baldi_ph",,
lulibeit,,
marcel0adrian,,
mceleste1981,,
mfaletty,,
nimedionik,,
nonegoziabili,,
"reto_al_destino",,
segurumex,,
sogesseguros,,
somosasistencia,,
"ssn_66",,
startupgroupconsultores,,
"suzzz_ssn",,
systemsegurosca,,
"tuseguro.rd",,
viajandoconhijos,,
vistaviajeseguro,,
30aseawitch,,
antoniomaluge,,
antonunezj,,
apascuyomza,,
"aranya_ssn",,
"argentoos_ok",,
breenramone,,
canolaseguros,,
chcastro10,,
"chngsk_ssn",,
destinospr,,
dviruglio,,
estela94664781,,
evesturismo,,
fedecvillafa,,
"filipe_corretor_de_seguros",,
foodarses,,
fridasocrates,,
gontraveler,,
grupoassil,,
gustavo14309677,,
hbasesor,,
"heber.herrera",,
jabereciartua,,
jasstreit,,
"kabak_seguros",,
"karango_seguros",,
"lautigomez_02",,
liganacional,,
linuseliasson,,
"lu.capalbo",,
"mabel_peterson",,
"mariana_agara",,
"monzon_tome",,
"mundoseguros_net",,
"nascar.natty",,
niconoriega,,
niicopucherta,,
onetrustadvisors,,
ourpassportjournal,,
"restore_reparacoes",,
ricardoserranoycia,,
robimpaglione,,
rockyroxi,,
royaltourecuador,,
rtacorretoradeseguros,,
seguraltatoledopr,,
sofiaosadczuk,,
"ssn_85",,
swanheart5,,
talleresrogelio,,
tiburonnaples,,
titacuevas1,,
viajero19711,,
viviamado,,
"yas_torres1",,
"_javier2lara",,
anaoreilly,,
atmassistance,,
bobblades3,,
"carryon_blog",,
celesteyestrell,"MarianoOjeda_",1
celesteyestrell,SirChandlerBlog,1
dawsoninsurance,,
elsuizorebelde,,
eustaquioag,,
geminikanon10,,
grupofv,,
ignisanz,,
jbouzali,,
jesicamelisafernandez,,
jorquenlau,,
josefinaboland,,
karu07,,
kikelippi,,
ladyfierros,,
lucasparanza,,
"manijas_multitask",,
mdanflor,,
"moro_argenta",,
"nataant_",,
nicolimicheli,,
"paula_sacchi",,
pepincascaron,,
phandaw,,
"pipas_ar",,
"robles_jdaniel",,
rsproductores,fedpatoficial,1
solvijarra,,
"sweet_as_honey186",,
"valeriasmith_ac",,
yodigonirawei,,
"_qwaku_",,
abmueblesparaeventos,,
adseguroseinversiones,,
aliciajuanita,,
"andresi_10",,
brancowitz,,
brunoturismoeviagens,,
caivazquez,,
canelon12,,
carlitaffuentes,,
"carmo_binimelis",,
"cberrutti_carp",,
celigrafok,,
conurbatour,,
darkvi9,,
deviajeadisney,,
elkikinnn,,
esquivelanamar1,,
ggamorosino,,
"gp_pas",,
gracielascaglio,,
grupomelodesp,,
"hanri_coetzee",,
"icmif_web",,
javicoudray,,
"jesica__fernandez",,
jimenavidalviajes,,
jodikoberinski,,
karab83,,
"karl_kirche",,
"l2_lasegunda",,
letlamor,,
licha013,,
locoadams,,
lucasrrizo,,
luisgonzalopanta,,
"lunita_cba",,
lunopolis,,
maratrad,,
marianasans,,
nbnmi2,,
"nycmadness_",,
paloaschieri,,
"q_bepaginaufficiale",,
"qbe_acethekid_",,
"ryan_criss",,
silviaaquino1,,
"sosa_stuntin",,
travelworldok,,
"viajarconseguro.es",,
"watch_ssn",,
ykkkchi,,
adriana62902996,,
agusmodenutti,,
"alejomolina_11",,
andonedynasty,,
"aniita._",,
arielgfonseca,,
atlasoperadora,,
atrioseguros,,
"augusto_t",,
avionesdigital,,
bacassistseguros,,
betinaazugna,,
"black_pet.shop",,
brarosso,,
caitlinrichardsx,,
caterinack,,
cbkr11,,
cepequena,,
"cheminees_vallee",,
"chi_pei_chang",,
cmalass,Guillodietrich,1
cmalass,SirChandlerBlog,1
cxfintech,,
dcarlosmorel,,
"ddelgado_net",SirChandlerBlog,1
dpegorar,,
duhauaxel,,
eldiariodeunaventurero,,
estudiomapseguros,,
fdfilip,,
fernandezpm,,
gabicolombo2010,,
"gatto_felpato",,
gioiaraul,,
iccparla,,
inaromerolamas,,
internationalassist,,
jdtravelagentpty,,
"jj_rut_s1",,
"joaqui_pozo",,
jomannez,,
jpwseguros,,
"juan_mazzini",,
"lalo_1977",,
laurasain,,
lnbmkt,,
lponsmanu,,
luhhh13,,
"lulita_b",assistcard,1
"lyaah_01",,
lynvill,,
marianocabrera,,
marisaniemiz,,
marlalopezeventos,,
maxiselva,,
megatourspanama,,
mivishatop,,
mmejw,,
monteralo,,
nongues,,
notogmos,,
oliveriolaura,,
palitosequeira,,
"pastito_",,
pivotcase,,
planifica2viaje,,
portalexato,,
proavanar,,
profitsporcubesinleri,,
qbegh,,
qualityman156,,
rondaspymes,,
roquecarr,,
rossettoseguros,,
roxadada,,
rubinopl,rgonzalezromero,1
samkanjamatour,,
"sancorsalud.asesora",,
sandraquelok,,
sergiocrd,,
sesseguros,,
sherasb,,
"somosbaxtter_zonanorte",,
sophiferrari,,
spasonoro,,
spottersb,,
"srta_andie",,
"starphone.indo",,
teenaroundoz,,
"turismo_maso",,
vazquezmaga,,
viajesblok,,
"vivi_mir",,
"well_adrianno",,
wickedivy,,
yllenbp,,
725paulinha,,
"_jamies_life_",,
"_santix",,
"a_pbh",,
adamalfredstrom,,
adavilsonmatiascaixeta,,
adriangst,,
aeropuertolara,,
"ale_dominguezg",,
alejandrorudi,,
alexiakeglevich,,
alfonsomoschen,,
"anais_seguros",,
andreaime,,
andrescore,,
andynreyori,,
arkanoideoficial,,
autumnrose8683,,
bassmanlqscb,,
benu2015,,
biroloines,,
"blackbirdinvestimentos_",,
bncorretoradeseguros,,
brumcorretora,,
"carlos_snake007",,
"caroalv_2017",,
cflupianez,,
"cites_gss",,
"claudio_destefano",,
confiax,,
dandolevuelta,,
davidhozy,,
deisyev88,,
directoriodemic,,
"dr_nck",,
enavionabrasil,PromosaereasAR,2
eolmos32,,
"ernes_paseguros",,
estelaschmldt,,
estilohockeyar,,
f12018news,,
"farhana_ssn",,
fedearias77,,
fercholp,,
fgarciaanaya,,
florarnone,assist365ok,1
flyingboyok,,
"francine_artwork",,
"gea.bing",,
genzaitravel,,
gerardcanhete,"quiz_viajero",1
gracuz,,
grimauseguros,,
grupofortbr,,
hernannovo,,
ijournal,,
"inese_seguros",,
"infocus.arg",,
iomnetballedits,,
italiaturs,,
jorgelinaponce,,
"jose_lmp84",,
"josorio_ota",,
"jua_ice",,
"juan_seguro",,
juls0105,,
"kakau.co",,
komodin,,
konectaargentina,,
lavitaeilviaggio,,
leandroxlea,,
"legendarystore.se",,
lemargroupca,,
linusforsberg,,
"lolidb_db",,
marialuzgomez3,,
maricielocernau,,
"maru_c_maru",,
"md.segurosintegrales",,
"meroph_",,
mgiselab,,
"mimecanico.co",,
"mj.seguros",,
msmarkets,,
mstaaravin,Mstaaravin,2
nacionalbroker,,
natuchely,,
nestorcalixto,,
nicoaffin,,
nomecallomasok,,
omargiraldez1,,
perromanzano,,
poliiglota,Floxie10,1
polita9999,,
radioqv,,
roberdn,,
rodrigocosta22,,
royseguros,,
"s.h.seguros",,
sanfiar,,
secreautomecanica,,
segurosmarianomedina,,
"sinmapa_net",,
smarttravelxyz,,
solidaridadsjd,,
spottersarg,,
"ssn_29",,
"ssn_94",,
"ssn_kyla",,
tamisilvestri,,
teachmardia1713,,
themillionaireminute,,
tinrona,,
tonibrawijayabrawijaya,,
tourgem,,
travelwrite1,,
tudgwal,,
ultragrana,,
verdeysol,,
veropulis,,
viajesviajamor,,
vilaolimpicadamare,,
vlingiardi,,
vuelosdiarios,,
"wrap_togo",,
yeminarg,,
"yolfrank_t",,
zanniaosuna,,
"zito.car",,
"__amyelisabeth",,
"_aalmendra",,
"a_noroeste",,
adenyasigorta,,
adridozo,,
aeaengraving,,
aeropuertosalta,,
agentrossannagarcia,,
aiav89,,
"akrindo_kaka97",,
alecortina1,,
"aleevillar_",,
algoqrecordar,,
aliciasown,,
alldoneeventos,,
alphatravelassist,,
"alta_cake",,
"amandine_runningmore",,
amezcuayasociados,,
andreleblanc51,,
andrepicon,,
andypnino,,
"ange_2211",,
"anibal_av8r","Anibal_av8r",1
anipignataro,,
antolittrell,,
aquilovendord,,
aracelihdezg,,
arasarslan81,,
arielcarax,,
arielperinettiseguros,,
"asegura_tuviaje",,
aseguratupropiofuturo,,
asenjoale,,
autoartfunilaria,,
autobrasiloficina,,
"avilan_advisors",,
"ayito.ledesma",,
ayrasseguros,,
"b_b_ssn",,
bamoliseguros,,
barbiro87,SirChandlerBlog,1
"bcnresident_evil",,
belkyszuleta,,
bemyonlyreason,,
billyainsworth,,
biniflyparamotors,,
biznezsolutions,,
"bmbroker_de_seguros",,
boerseq,,
bomplanoseguros,,
brachmansseguros,,
"brisa_medio",,
"bruno_urra",,
calidadinsurance,,
"camilo.bass",,
capote42,,
carinalotitto,,
cavalcanteseguros,,
"ccifj_careerfair",,
cesarnob,,
chaveztinocoluis,,
cielociela1,,
cigseguros,,
cimamdp,,
"click_tours",,
clinicadentalsousalennox,,
clinicasioc,,
"coach_de_investimentos",,
cobergroup,,
"coev.turismo",,
consultoresyasesoresdeseguros,,
corredoradesegurosyr,,
csiconurbano,,
"d.j.d.u",,
d2tours,,
dalboscoseguros,,
damatomelina,,
"dami_74",,
dannyshimoura,,
"dany_lanuza_f",,
darusso,,
delcamposeguros,,
deltaisgroup,,
dgrosemberg,,
dianagasconc,,
diegoferrariok,,
diferencialcorretora,,
digilioseguros,,
digiliosegurospergamino,,
"eche_fdz",,
elcarpo,,
"eleva_mx_",,
eliandrada27,,
enmiyuscula,,
"espaciocolegiales.empresas",,
eugenelai88,,
euroteideseguros,,
everos1989,,
excelenciacompetitiva,,
famatravel17,,
farmaciaminerva,,
farmaciascalvini,,
faroseguros,,
fatuscorretora,,
fernandobhi,,
florenciadamario,,
flyamen1,,
"foro_noticioso",,
"fscorredores_",,
"gaby_hds",,
gaetabfcorretora,,
"garcia.pedroche",,
gbytz,,
geracrespo,,
gestoriaviera,,
goappmx,,
godagama29,,
gonzaferre,,
gpapasergio,,
grupoprev,,
gtsinsurance,,
"guillermo.m.kelly",,
guillerunner,,
hellensegurosgeral,,
"henrymp_",,
hermatravels,,
hernandezagent,,
hofbauerluis,,
holasigorta,,
hpmxo,,
"i.am.ganesh",,
ignacioguolo,,
iluxiontravel,,
"importaciones_jes",,
"importaciones_jes2",,
inasphotos,,
indhavis,,
infopymes,,
inovoprotection,,
jagustinmdp,,
jarnoletto,,
jaseguros19,,
"javier_matias_giles",,
"jbyb_asesores",,
jgsseguros,,
"jonathan_romero83",,
"jony.salazar",,
jorgerolon98,,
joseandreshun,,
"juan.a.alvarenga5",,
jvberbotto,,
karlaflying,,
kattolikamente,,
"kelli_whittier_",,
kicorseguros,,
kipperseguros,,
lagravaar,,
laliirunaway,,
lapelotasindical,,
laserlami,,
lauritsi,Lauritsi,1
"lc_spottereze",,
leandrohenriqueconsultoria,,
leandroivananache,,
lenaro8713,,
"leo_bianco",,
lifesigorta,,
lindoinfinito,,
liveseguros,,
lucho7711,,
luchy1422,,
mafe1807,,
maggiseg,,
magui92479540,,
majogm,,
malekseguros,,
malinlindberg,,
manuelromanperez,,
"mapfre_c_los_angeles",,
mapfreautofinanciamento,,
mapfrebr,,
mapfregeneral,,
"mar.feitosaa",,
"maria_sarquis",,
marielatsu,,
marilaucanz,,
maripositaviaja,,
"marlinazul_seguros",,
martingh1,,
maticamp,,
mattroebig,,
mauromagnoli,,
"may_ssn",,
mayrasigorta,,
"melek.globals",,
melimcorretoradeseguros,,
"melp_92",,
"mendonca_seguros",,
mercantilandinaelcalafate,,
mercedesmariafunes,,
mercedest5g,,
meximanu,,
mgseguro,,
mhtravelagent,,
miickiii,,
"mike_from_michigan",,
mlarrambe,,
mm7palestras,,
mollefede,,
mujernormanda,,
nekseguros,,
nestordavidlop2,,
nicoevalerio,,
norina67,,
"nova.horner",,
nuvemseguros,,
oseuvendedor,,
osservatoriobuonasanita,,
oswaldojavilan4380,,
outsidetheboxma,,
oxmaisconsultoria,,
ozelsigortacim,,
ozsersigortaarnavutkoy,,
pablogalfras,,
pabloromerogutlein,,
"padel_like",,
papuchoturbo,,
"paul_aloha",,
pequenosviajerosar,,
piramidesegurosoficial,,
pnibrokers,,
poquitodeacidez,,
probemcorretora0307,,
procarecuu,,
promocionesargentinas,,
"proteccion_21",,
pumpasxv,,
purnelltrophies,,
qbefoodfest,,
qeroecovasos,,
quinteroinsuranceagents,,
raulcokabarriga,,
rauschseguros,,
rcrcorretora,,
"renovari_corretora_de_seguros",,
"revista_cobertura",,
rmgseguros,,
rogerravelo,,
rsnunez,RichRaho,1
rsnunez,ilanoXVI,1
safenowseguros,,
"sakuku_ssn",,
salehseguros,,
sautosale,,
sebafernandezb,,
segurosdicsa,,
segurosmartinezp,,
segurosvaleriaestabio,,
segutrends,,
shiangkaisu,,
shiiratadeo,,
sigortamobilbahcelievler,,
"sincerely_ssn",,
"sis_karina_leiva",,
solivillegas,,
somosseguros,,
soyanggelluss,,
splashfit,,
srlsigorta,,
"ssn_akhi_ri",,
"ssn_fuji",,
ssnfitness,,
"supersportnutrition_uz",,
syafiqjamaludin,,
"taylor.swift.moods",,
telerinonline,,
thegrimejournalist,,
tom7even,,
torresmercedes077,,
tradergroupco,,
transcontinentalinmigrationtci,,
trascenderseguros,,
tsunamitravel,,
tuitypajarito,,
"ultimallamada_",,
uncaminohastavos,,
unmundoparajulls,,
valeria07750948,,
"ventas_iphone_y_mas",,
viajeraalma,,
viajesleandroyleonet,,
vivatravelplanning,,
vmartinrocha,,
"xca_amii",Floxie10,2
yacopaula,,
yacopinoinmobiliariasdevoto,,
zabarseguros,,
zanzibarviajesyturismo,,
zuniknurhayanah,,
zurriolacorreduriaseguros,,
"1978_facundo",,
240herni,,
4sqsuarg,,
4travellersblog,,
"_chechulina",,
"a_sueyro",,
aaaagustinitaaa,,
adnradiochile,,
aleabrahamsalta,,
alejandromass10,,
algunosabriles,,
aliciasduarte,,
alidezi,,
aloriasoc,,
amarviajarblog,,
"amateras_fox",,
amhombrao,,
analearonza,,
anfepema,,
angiemartinezo,,
"aquaman_iam",,
argaerea,,
arielmarecos25,,
arquitectoxhora,,
"auberon_elfe",,
"ayigrarosi_115",,
belusportdance,,
"bernardo_pirola",,
blogloloandlali,,
bnppcardifde,"atelier_us",1
brunopont,,
cardiomatias,,
catalinaach,,
cawaluco,,
cc122ar,,
ceturano,,
chechumar11,,
chetoba,,
climavistaagro,,
colorodriguez36,,
"contintachina_",,
conymarchesin,,
crissuperann,,
cuandollorabas,,
dabra87,,
davidmapfelbaum,,
diannazzo,,
dzapatillas,,
"eategrity_sonia",,
"eli_martinez65",,
elmatute2,,
elpailotok,,
esoslugares,,
espositorafael,,
everestgroupint,,
"eze_castillo98",,
ezerusso90,,
f3rch05,SafetySMS,1
facugil,,
faculartigue,,
fapasaoficial,,
fernandopoyo1,,
flopereira,,
fortalezapr,,
fransavanco,,
"funes_barreiro",,
"g_allegue",,
gabiolen,,
gauchaganesha,,
gelagro,,
gfbulacio,,
gizmo7919,,
gracielmoreno,,
gusadogar,,
hernangattelli,,
hotelceballos,,
"hugo_daniel_w",,
imanolgj,,
inglexlutor,,
"iniciativa.seguros",,
ivanferrando8,,
jipettes,,
"jocelyne_gagne",,
josefinaarb,,
juandechosma,,
jzilonz81,,
katasoyyo,,
lacasto13,,
lalibrebe,,
"lampwick_ar",,
latre,,
"laura_nexo",,
"lb_sfo","SKYAirline_CL",1
leobeli,,
lilimgodoy,,
lillopart,,
livingwellands1,,
lofinikita,,
loisuites,,
loreandreat,,
louzelig,,
"lucas_cornejo",,
"lucrecialin.contreras",,
ludmilabrz,,
lumiei,,
"luz_zbc",,
magnitudcl,,
"magui_jost",,
maiamacias2980,,
manuelmcamino,,
manuelsere,,
manuguija,,
mar1zul,,
marcelacedres,,
marcoschiabo,assist365ok,1
"marianopernia_oficial",,
marielsando,,
marife46,,
"market_forces",,
martnezjavier2,,
"maru_di",,
matiastebele,,
"mean_ssn",,
"mediatica_prensa",,
melulita77,,
"milone_fernanda",,
missluchifer,,
momentoviajar,,
morochaviajera,,
mr199882,,
muyviajera,,
mykonos2002,,
myrsegurosinternacionales,,
nairfelisr,,
nanvtorres,,
natbaires,,
natilu733,,
nenabear3,,
nicocalk,,
nicoemaramos,,
nicosolimando,,
nnprytuluk,,
oruejuani,,
palermopato,,
patdalto,,
"pelayo_seguros",,
pelelaok,,
pepezenclussen,,
piaasao,,
pizkunovz,,
"pornnatcha_ssn",,
pseguros,,
"qbe_3",,
"qbe_poker",,
radioledonline,,
raulplate,,
renovareseguros,,
"ric_argentina",,
rmodugal,,
"ro_salina",,
"rocio_hope",,
rodiyod1973,,
rolobaiano,,
rommel73400076,,
"rondo_25",,
roqueallendesa,,
sebassol,,
segurosmedrano,,
sercho74,,
silvestross,,
soffiamelina,,
solemmdq,,
somossegurosweb,,
soutopatricia,,
sserepa,,
"ssn_83",,
"ssn_bot",,
"ssn_otis",DailyRapFacts,1
"ssn_otis",THESLUMPGOD,1
"ssn_pr",RomanJakic,1
supportseguros,,
tanana0b0,,
tassita1,,
thotisanidea,,
tomimilia,,
tonieveris,,
"uai_seguros_bh",,
valb81,,
valemarsili,,
vanekaruchek,,
veronicapeuchot,,
viajeydescubra,,
vickygiavedoni,,
victormontz,,
vmenditto,,
yomikeok,,
zenartseguros,,
0pp0rtuniste,DrouinDa,1
0pp0rtuniste,franclecuyer,1
"_rmk1s8",,
aapasargentina,,
abby0518,,
abcdeportes,,
abigraciela,,
acaoseguros,,
actualitecaq,,
admoretta,,
agoiantorno,,
agurinaldi,,
aguscocchi,,
ailuualarcon,,
akanomidori5,,
"ale_moreira",,
aliciacastroar,,
allsetic,,
"ama_seguros",,
anapolvorita,,
anasurez13,,
andersonblas2,,
andreamedina10,,
"angelesfranco_",,
anlealp,,
anyular,,
aomaorm,,
applystaff,assistcard,1
"apuntes_",SirChandlerBlog,1
"arg_solidaria",,
argielau,,
arigor,,
arromariagarcia,,
arturojnavarro,,
"asarco_es_ar",,
aseguradosaldia,,
asegurarseya,,
avanoc,,
avionesenezeiza,,
balchi3,,
barbaramazieres,,
bcrprensa,,
"bee_ssn",,
belum08,,
benru79,,
bernaruno,,
"blackdolls_luse",,
blogin,,
"bnpp_cardif",,
bnppcardiftr,,
bolsodemano,,
bonacristina1,,
borderlinetours,,
breizhdieub,,
brenknudsen,InfoViajera,1
buky1974,,
burulandia,,
caamicondee,,
cachivachestyle,,
camaravtelopez,,
camellia2016,,
"cardinal_jon",,
caritoadoue,,
carlamarianagoi,,
carlosmescobedo,,
carlosnese,,
"casa_de_naipes",,
casteloli,,
castinati,,
cecicream,,
cecikotodij,,
celcordoba,,
celesmonaco,BleuMinette,1
celymaiemel,,
ceneon,,
cesaramamone,,
"cese_carp",,
charlymj,,
"charo.luchetti",,
chichodisanto,,
"clasab_aviation",,
"cloud__walker",,
cokenrum1,,
colussimi,,
comyto,,
costanano,,
crewonboard,,
crisarm1,EcuadorTV,1
crisarm1,janethinostroza,1
crissalva79,,
cuyonoticias,,
d4mi13,,
danielanovoa,,
"daro_lopez",,
dboldini,kinseyschofield,1
decidilo,,
"denis_i_barrios",,
dianaesuarez,,
dianaime,,
diborda10,,
diegodirenzo,,
diegrodrig552,,
dierija,,
"dj_buzor",,
djinora,,
dolomas,,
dominicanosnyc,,
"ed78_75",,
edelweiss330,,
elchelo09,,
elenaserena5,,
"elisa_ssn",,
elopalleiro,,
elpelaseen,,
elsur1972,,
eltanovezzaro,,
eltucuperez,,
elvuelta,,
emgfind,,
"ericc_riki",JFLisee,1
eriflorido,,
eugeghynst,,
ezeotero,,
ezevelasco74,,
fabilosana,,
familiadeviaje,,
faycla,,
fedepivetta,,
"fedito_",,
feronboardblog,avantrip,1
ferquiros,,
fferalonso,,
flap152,,
flaperegrin,,
florcitasim,,
"floreny_okey",,
florfrajlich,,
floridasflora,,
flowerytime,,
fp118fp,,
gabolistorti,,
gabrielarana197,gugamayer,1
ganikol,,
geriigeeri,,
"german_alexis",,
gina18399829,,
"gini_m",,
glyphosate9570,,
gonzalofalcone,,
gpettinari,,
gpproductorasesor,,
granwillyarg7,,
gringadunn,,
grupoprovincia,,
"guido_rossetti",,
guilegrande,,
guisoamatey,,
guneweenz,,
"gutinho_jqs",,
happylife681,,
happytosignapp,,
"heidi_cardinal",,
henryguilarte1,,
hernanpadilla51,,
hhernanggarcia,,
holaviajecom,,
homine10,,
ialzua,,
iapseroficial,,
"ichigo_sakura5",,
igsaizar,,
ilhamakbaarrr,,
imvalv,,
inesefuture,,
"inesita64_",,
inggustavogomez,,
"interwelt_mundo",,
isabel2211,,
isabelfer64,,
islastortuga,,
itsjillgardner,,
"ius_2014",,
"j_degli_esposti",,
"j_fernandez119",,
jardindelviaje,,
"javier_griffioen",,
javisello,,
jccasanovap,,
jg26895574,,
jnsantiago,,
jocharom,,
jonathangrados,,
jonybeta,,
jorgegalindo201,,
jorgenatale17,,
josephd357,,
josexsaez,,
joshuaginer,,
jrobles1950,,
juanisozuna,,
juanjm87,,
juanldegracia,,
juanrosmith,,
jueichenberger,,
juliacameorgar1,,
julypalu,,
jybig61,,
kabacrd,,
karubarchetta1,,
kerboitserge,,
kpluengo,,
"kra_ssn",,
kraeuterverbena,,
"krunch_fr",,
"la.rotativa.digital",,
lacoseguros,,
ladyastwell,,
ladymojica3,,
ladytormenta,,
lapardajuana,,
lariparada,,
lcmm18,,
"leaa_legal",,
"lean_ct",,
"leandro_twitt",,
leandrolopezar1,,
"leon_viajero",,
"lg_rdt",,
licrp,,
lmoldero,,
lopezvillagraseguros,,
lorenajauregui,,
loresan71,,
lourdesgui,,
luch0,,
luchianoluqui,,
lulilu83,,
luzdsq,,
"m_aime_m",,
macame8,,
maferios7a0,,
"mage_delbene",,
mamitamumu,,
manuelg84,,
"mapfre_jinamar",,
marcesolegomez,,
margacortesvela,,
mariafaletty,,
"mariana_lauram",,
marianagunner,,
"mariano.smith",,
mariariquelme,,
mario8gauthier,,
maroferrari,,
martinsmoser,,
martinwab,,
marychuy13,,
matiasparroyo,,
matiasreggiardo,,
matildemz,,
"maxua_t",,
mazzeodaniel,,
mediaticay,,
"mef_plus",,
"merfran_",,
mgrolandi,,
mialma5,,
mifunayama,,
"miguel929589_rm",,
"miku.quintero",,
miviajeseguro,,
mmosaici,,
moncontreras99,,
"moniq_gonzalez",,
moreirajosea,,
mrfilangie,,
mtabussoarias,,
muhammaddanmusa,,
mwihg,,
"n_persival",,
naniver97,,
ncariola,,
neon0610,,
neptunook,,
nestgo54,ELCORDILLERANO,1
"nibw_es",,
njmirantes,,
nonsugaradded,,
norbertorossa33,,
nothanksirs,NoThanksIRS,1
noticiasxtra,,
nyagainblog,,
obregonraqueln1,,
obscomprometido,,
"olga_ssn",,
onairam,,
oywuy,,
pablangelo,,
pablok75,,
paolaandreadue5,,
paolabellisimo,,
papadeagus,,
patriseg,,
pazminom,,
peluz,,
pilotosunidosar,,
planeando1viaje,,
poirierandre1,,
porota59,,
prrossello,,
ramon3medina,,
ramuriass,,
revolution41157,,
ricardorossello,,
"robert_deragon",,
rodrigosquetino,,
rodriguezrearte,,
ronaldbs7,,
"rosario_vuela",,
rovaamonde,,
rs4neumaticos,,
sabrinapetrino,,
sabripasteur,,
santiagopoci,,
santyenriquez,,
scardige,,
scbrokerseg,,
seguridadlugano,,
segurosenweb,,
segurostv,,
sergioclasema,,
sershus,,
sfellero,,
silbearis,,
silvanabuz,,
silvathar,,
silviitapilar,,
sincomillas,,
skysportsnews,,
smileelf13,,
solrizzo,,
songbrand,,
soyargel,,
soyaustral,,
soyazafata,,
soyseis,,
spotlightfrance,,
spotterosario,,
"ssn___uss",,
"ssn_bk",,
"ssn_pon",,
"ssn_rma",,
sudeasegoficial,,
superpiedra,,
tefimeier,,
tengo1siniestro,,
tinchomlf,,
"tomas_oneto",,
tomeoglo,,
touristarg,,
transcordoba,,
turcocp,,
turiscuriosa,,
tute17,,
ubigallardo,,
usmcorpcom,,
usuario121212,,
velurey,,
verokostich,,
viajeroscopados,,
vija65,,
vinocalcagno,,
"waanderlust_",,
weboar,,
yagoyurak,,
yesisegovia,,
yoymimochila,,
yrispersonal08,,
00titulares,,
4pagenda,,
7cantona87,,
886907be0dfe443,,
"___nacho___",,
"__lavieenrose",SirChandlerBlog,2
"_ale_vieira",,
"_andremil",,
"_carlos_comas",,
"_diogo_delgado_",,
"_dolaryesterday",diloatodos,1
"_emiliag",,
"_francba",,
"_guiyo",,
"_qbaekhyun92bot",,
"_reaper_159",,
"_santiagol_",,
"_srdr88",,
"_srtaazul",,
"_travellllllll_",,
a2leandro,,
aangir,,
"ab_fco_pesantez",,
"about_bass",,
abrilbugliolo,,
acalacaett,,
acastellano90,,
acatellani,,
"acid_us",,
acm20012001,,
addares,,
adellagiovanna,,
"adle_jose",,
"adrian_valdez01",FronterasMinSeg,1
adrianaalonsolp,,
adrianaborello4,,
adrianwerthein,,
adrimartinez77,,
adriveronica1,,
adventutravel,,
afcdu94,,
"agencia_nova",,
agoslal,,
aguspgr,,
agustindusserre,,
aguustinre,,
aidantonia,,
"aivan_zack",,
akdjulian,InfoViajera,1
alanjohnlondon,,
albancandosu,,
albertowur,,
"albornoz_ula",,
albsandia,,
"ale_marine",,
"alecai_86",,
alejandraadda,,
alejob777,,
alejobuya12,SirChandlerBlog,1
alejoleiva,,
alemadrynn,,
alepque,,
alesumusic,,
alex1lahaie,,
alexargs,,
alexishp9,,
alijofer,assistcard,2
alitocabj12,,
allianceia,,
allianzvallecas,"EstamosSeguros_",1
allysotton,,
altobelgranoeventos,,
alulau,,
alvarezp1973,,
amandareport,,
"amigos_del_golf_argentina",,
amolosochentas,,
"an_530xd",,
anadorg,,
analiapastorino,,
anamariaifran,,
anamariselajc,,
andreaia4,,
andreapm1717,,
andres3020,,
andresyacovich,,
andrubep,,
angeeliqaaa,,
angelrojases,,
angelyvino,,
angieabhank,,
"anita_berta",,
anitanifunifa,,
anitaviola,,
annchildersmd,,
"anne_estesia",,
annetricia2000,,
antoherminia,,
antoocostantino,,
apennigian,,
"ar_mau",,
arbolave,,
"arcap_",,
arecoaires,,
argenti51063331,InfoViajera,1
argentinosenaustralia,,
"ariel_bernat",,
arielaa3g,,
arieldiaco,,
arielhre,,
arisbourlot,,
arnauddabzac,,
arpisella,,
arwenekaitza,,
"asara_ssn",,
ascenciovela,,
"asea_arg",,
assmcaonline,,
augustosaracco,,
aurelienmuzard,,
avalentinat,,
avbbame,,
aviadorhalcon,,
"aviones_escala",,
aycecil,,
azbrokersarg,,
azcaratefer,,
b47c85080191461,,
babelio2,,
baktanya,,
bancovimenca,,
barbieniemann,,
barbiwoloszyn,,
bardimario,PromosaereasAR,2
barelfondo,,
"base_doble",,
bastadealambre,,
bbdard,,
bcperutravel,,
"beatrice_mendez",,
beatriztourn,,
beatstraveler,,
belamacchia,,
belumeichtry1,,
"berdu_mario",,
blasbenitez18,,
bnppcardifit,,
bogotasinmiedo,,
"borders_life",,
bornetphilippe,,
bridgetteallan,,
bringbacksawyer,,
bubibuchibu,,
"c_pantalon",,
calculatuseguro,,
camaradepinamar,,
"camille_ssn",,
camilo5712,,
candesand,,
"caol_arg",,
capicave,,
capitanintriga,,
capitannacho1,,
cardiflab,,
"cardinal_mela03",,
caribbeanrivers,,
carinagvr,,
carito11223344,,
"carla_vitalesoy",,
carlos72723608,,
"carlos_tmk",,
carlosjaureche,,
"carn_4",,
caroladerobin,,
carolegui,,
caruchy,,
castellanosdos,,
castillofabianx,,
catucchino,,
ccendra,,
"cci_network",,
ceciliaicura,,
cecituits,,
"celeste_gilles",,
celestedarosa16,,
cesarescola,,
cesvi,,
cghtrichamp,,
chamorrofossati,,
"chan_nav",,
chaque84,,
"charliefellows_",,
chechirossi,,
chefpacoalmeida,,
chelostereo,,
chepacandela111,,
chinoalbertoni,,
chiro86,,
"chivi_lm",,
christianicr25,,
christianmareco,,
"christophe_loup",,
chvitale,,
citronellas,,
claricupcake,,
clarirujinsky,,
clauchez,,
claudiajudithp,,
clavulanicacid,,
clocclo,,
"club.deviajes",,
clubaloficial,,
congoavenir1,,
constan06753706,,
corollefrancine,,
coteroaponte,,
cotylocurto1,,
crismegna,,
"crispy_csb",,
crisstiansca,,
cristiaanrock,,
"cristiangs_",,
"ct_pet",,
cutthelawn,,
cutuaxis,,
czegarran,,
d3xt3r77,,
dacar59,,
damianlencina7,,
damscarolina,,
danidini,,
danielasechi91,,
daniellaviolet6,,
danitaperrone,,
dante50247204,,
danytoloza3,,
dario1502,,
daropellegrini3,,
davidferrara35,,
dcerono,,
debbieorlansky,,
debrinonoel,,
demazerolles,,
denycardinal,,
derrotadigna,,
"despiertaviaja_",,
destargentina,,
dgbustos,,
dgendvil,,
didiermulowa,,
diegobussi87,,
diegofitipaldi,,
dioceseparis,,
"direct_congo",,
dirgoe,,
discostew66,,
djiboo30,,
dmunozjackson,,
dominiquedufils,,
donandonandonan,,
dosatomoslocos,PromosaereasAR,1
dpabloc,,
drcasabe,,
duguayg,,
duran062,PromosaereasAR,1
eaglemchng,,
eapp0105,,
ebeb197070,,
ecortuso,,
ecosdemike,,
ecovisiones,,
edadmartinez,,
edgardo222,,
edgardo58186582,,
eduardo01598807,,
eduardorflorio,,
edudaiz,,
ekallestad,,
"el_aire_en_24",,
elbar6,,
elbuenosairesqueconozco,,
elchirivin,,
elcotur86,,
eldanyamaya,,
elenamguti,,
elfatiprod,,
eliniux,,
elizabetgomez16,,
"elliot_steadman",,
elluquillo,,
elojodestella,,
elrafaargentino,,
emakant,,
emanuelparodi,,
emijudurcha,,
emipatoalvarez,,
emision1,,
emperatrizvm1,,
"eng_hc",,
enricovik,,
enriquevp,,
enzitobrc,,
enzooivan,,
eorachefacciamo,,
epaeronavegante,,
epucimapozzo,,
erablelapointe,,
erafle,,
erix2604,,
erod51ahoraes,,
erpayo,gduenasp,1
esau2fr,,
esnoticiapr,,
"estamosseguros_",,
estapersonita,,
estebanbianchi,,
estilogaby,,
"estudio_juridico_new_law",,
eugeconi,,
"eugefer_3",,
euginpico,,
"exequiel_r",,
expertiaseguros,,
fabianzarza,,
fabiomartin81,,
fabriglibo,,
"facu_locas",,
facuaranafans,,
facundoc9,,
facusalinas77,,
fafitalia,,
falbertonorieg1,,
faspain,,
favegas,,
fbucchi,,
fcuccuru,,
"fede_padin",,
"fede_salazar",,
federic80124621,,
federicolevin,seguroslacaja,1
fedeullua94,,
"fer_run",,
ferayacity,,
"fergomez_vdp",,
ferjacquet,,
ferlollini,,
fermartinezmdq,,
fernandodiego57,,
fernanmontiel,,
fernetmendocina,,
fernoguera12,,
ferpesc,,
ferraritincho,,
fersolu,,
fervitaliti,,
ffautrad,,
fiatcseguros,,
"fic_pr",,
"fipr_",,
fixjav,,
fjarach,,
flanfranco1987,,
floopi,,
florcitarnr,,
flormascaro,,
flydreamergolf,,
flylatinamerica,,
fmarianoa,,
fortincl,,
"fran_2042",,
francisleons,,
francofredes87,,
francotrenrojo,,
franmendiverri,,
franmvila,,
freddymag007,,
fredypul,,
fromktothep,,
fsatenas869,,
fsrconsultores,,
fsspxfr,,
"fundacion_orp",,
furisforkillers,alrescate53,1
"g_r_franco",,
gabispinelliok,,
"gabo_eilers",,
gabrielangio,,
gabrielsreisen,,
"gabser_",,
gaby79fte,,
"gaby_rabellino",,
gabyrubinstein,,
gadmli,,
"gagan_78",,
"galactik_owl",,
galantec,,
galtongreg,,
ganafa51,,
gapfb,,
garciajairo,,
gastluna10,,
gastonga83,,
gastonorrantia,,
"gb_gbernard",,
genengnetwork,,
geneviveroussea,,
"gerard_kieffer",,
gerparedes89,,
gfinoquetto,,
giftedyabour,,
giideviaje,,
gimimonti,,
gintegroseguros,,
giraldoramiro1,,
gireyb,,
gisesuar,,
gjamdz,,
glacoca,,
"gloria_a19",,
gonapag,,
gonzastp,,
gonzoelbonzo,,
gptop2,,
"gra_roxy",,
gracepaia,,
graciasliomessi,,
gravelmatin,,
"graxel_77",,
grinbod,,
gronedekokoro,,
grupogvseguros,,
gruporamosamx,,
grvpdp,,
guiamachupicchu,,
guidoadrian,,
gullotony,,
gumede783,,
gusandrade75,,
gusbasaldua,,
gusfg,,
"gusj_arg",,
gustav084,,
gusti260259,,
gusty767,,
hadock01,,
halejal,,
hangarx,,
harrylpg,,
hatchesupt,,
heads9104,,
helocruz,,
helvetiatgna,,
henryantiguo,,
hernangaggietta,,
hernangoldin,,
hernanlirio,,
heruarias,,
highlifeteam,,
hotelcasablanca,,
hugoasilva,,
hussmax,,
iarestaldi,,
ibettercallsaul,,
icimontreal,,
idominguez59,,
ikiringerdina,,
ilanoxvi,,
"ilda_cerron",,
indu1450,,
inesa15,,
infopasseguros,,
informeoperador,,
infotucumanos,,
insuretechlatam,,
intelligentins,,
irepicio,,
isaacveloso3,,
isabelcorcoran5,,
ismaelricofla,,
"its_ssn",,
"itz_asedami",,
ivanatigre,,
"ivi_monte",,
"ivo_decarlis",,
izquierdadiario,,
jacvvader,,
"javcos__",,
javiercua,,
javierdevilla,,
javiriotorto,,
jaypicandet,,
"jazminpats1_lsq",,
"jean_paul_felix",,
jeanphilipguy,,
jermeiister,,
jessyrico,,
jesuslopezgambi,,
jesusoswaldo,,
"jggv34_ls",,
jguastini,,
jhon4tn,,
"jill_jtc",,
jlcendrero,,
jmarinpu,,
jmsperaa,,
"jnp_on",,
"jo_sandobal",,
jobsperu,,
johnborja84,,
jonyalbelo,,
jonyx4,,
jorbusico,,
jorgemarchesin,,
jorgemg23,,
jose69fco,,
josetvller,,
joxeneize90,,
"jp_arg",,
jplante65,,
jpmaverick,,
jsavino,,
juancaraimundo,,
juaniglesias75,,
juanmablancog,,
juanmaoyt,,
juanrenzacci,,
juansaiburo,,
juanver44,,
judithf81,,
"juju_rja",,
juliaferrerm,,
julieguia,,
julionadalcasas,,
julisoyyo,,
julito08626441,,
junisan63,,
juradomata,,
justmilliecba,,
jyt75,,
kaloukalama,,
kareninadr,,
karime23233,,
karlha16,,
karlof11,,
karososa168,,
karrodriguez90,,
"kate_bateson",,
kathdrib,,
kenafdez,,
kentuckysuzanne,,
kikuchigala,,
"kingjr_kts",,
kinkin1982,,
kinshasaweb,,
kirkshan,,
kololee,,
koto12as29,,
kpcito,,
krafielmandres,,
kyriben,,
l0cutux,,
ladriguruok,,
ladyaggressor,,
lamagamagoo,,
landoba,,
"langue_moliere",,
laperlapr,,
lassensatas,,
latendressejean,,
laubaragiola,,
laucha182,,
laugiovin,,
laukandus,,
laumoroni,,
lauraperiodist,,
"lausalas_",,
lautsab,,
lavitocosta,,
"lea_qaz",,
"lean_moraut",,
leandro42475094,,
leanenfermero,,
leanminutti,,
leansan21,,
lebrucedan,,
legpoule,,
leonardoagustn,,
leook65,,
leoxeneize,,
lezaunalicia,,
libroecacciavi1,,
liketravelagen2,,
liliana1025,,
lilianesse,,
linatrudel,gravelmatin,1
litin55,,
littlelookalike,,
liudmilka1,,
livewellandsuc3,,
"locutor_cordoba",,
lomionoesgrave,,
lonquibari,,
lopezgovlaw,,
"lore__marquez",,
lorenpa84,,
louisrielfrance,,
lozadaviajesramosmejia,,
lpboysweetsound,,
"lucasivan_s",,
lucaslegui90,,
lucaspodversic,,
luchabarrios,,
lucho76lf,,
"luciano_chavez1",,
luckyhre,,
luistoa007,,
lukeysusviajes,,
lulein,,
luligrot,,
"lumos____",,
lurojas66,,
luxitalu,,
"lyudmila_chin74",,
maanufernandez,,
"mab_asesoria",,
"maca.fernandez.m",,
macacanigra,,
macecuador,,
machineghost0,,
mackybianchi,,
maflotinha,,
maggielascano,,
maiaysofi,,
"maitake_ko",,
"majic_c",,
malalacayuela,,
malalatz,,
malexiar,,
manupr93,,
mapasycafe,,
mapkstelar,,
maprosario,,
maracampbell,Floxie10,1
maracampbell,SirChandlerBlog,1
maralon1,,
marcegombi,,
marcela43613681,,
marcelagispe,,
marcelocanton,,
marceloruiz,,
marcelot2014,,
marchisioseba,,
marcodeiana1979,,
marcomarce2,,
marcosdlf,,
marcosvaldez86,,
mardelcore,,
mardia1711,,
margaretojalvo,,
margoltin,,
marian9towers,,
marianaarg,,
marianaerro,,
marianajoos,,
marianalfaro,,
mariandc03,SirChandlerBlog,1
marianeladelos,,
marianoaleg,,
marianoignacio,,
marianopico,,
marianosica,,
marianoucha,,
mariarosablanc7,,
mariavidela296,,
mariedanielleje,,
marihuanafreepy,,
marinaparaja,,
marioefigue,,
mariopatalinjug,,
marisavr2018,,
maritabalbi,,
maritamarr,,
mariu41maria,,
markitoz51,,
markozquintero,,
martinezcamera,,
martinlabocaok,,
marturuggiano,,
marumercev,,
maruretamuza,,
marutorr1,,
maryangelescot,,
matiasdolce,,
matiasrinaldi1,,
matiibanez,,
matutequemero,,
matyabaro,,
matyrecine,,
maurodeluise,,
maxidonadio,,
maxifirtman,,
maxila23,,
maxjovengay,,
maxrobilotte,,
maynejason,,
mblumenfarb,,
mcaroms,,
mechijj,,
mechyfte,,
"medusa_ll",,
menosharina,,
merecatholicism,,
"mi_alma_nomade",,
mibenito,,
micacastanoo,,
micaqujarchick,,
micasuperxonic,,
micheljanva,,
michelleabadii,,
mickey07093617,,
miedoalavion,,
miguel1urga,,
mikilopez98,,
mil4560,,
milagroaguerre,,
millazapata,,
"mindfree_fr",,
minemindismine,,
miqiita,,
mirandafede,,
"mirandoalsur_",,
miriamoyague,,
"miss_piggy10",,
misssook,,
mlaurad39,,
mlchusn,,
mmepopeye,,
moisesapr,,
molobardi,,
moncac2014,,
moneseguros,,
moniquejoyal1,,
monitorsismico,,
"montmarquette_c",,
moralesaha,,
morenaesquivel,,
mpaglilla,,
mpazochoa,,
"mr_bugman",,
mrgustav1,,
"msb_corredores_",,
mtanoira,,
mundoturistico2,,
myri3935,,
mzinfandel,,
"n_larenas",,
"nadia_lacolo17",,
"nahue_gna",,
nancyborchio1,,
"nando_1964",,
nanopisaroni,,
natiasisd,,
negrasol1,,
"neptune_ssn",,
nerechamorro,,
nerissaaemy,,
neuquentur,,
newberypedro,,
nicogiannini2,,
nieee87,,
nightstar44,,
niiarmah1992,,
"nilda_etman",,
noemiland,,
noesunicornio,,
nomadicchica,,
noradelllao,,
norafa2010,,
noralewis15,PromosaereasAR,1
normaiannelli,,
"normasu_fa",,
noticiapr,,
noticiasomponce,,
noticiasrdapp,,
novikovayka,,
nowastraveler,,
nozze89,,
nuestroseguro,,
nvaleryr,,
nvl1987,,
"oblitas_y",,
oficialjosema,,
okeanokeanov,assistcard,1
"okorn_",,
"olga1_8",,
omardiazg68,,
"opi_mongelos",,
orgbatego,,
origin1180,,
oscartigre2017,,
osdepym,,
otalletseba,,
paatodemarchi,,
pablitoguar,,
pablitus1968,,
"pablo_pp1",,
pabloalsur,,
pabloalvasep,,
pablobigand,,
pablofp,,
pabloporzio,,
pablovaldezpy,,
pacolari67,,
"padre_thierry",,
pajaroblue901,,
pali1971,,
palimolinas,,
panchoviveros,,
pascuzzodiego,,
"pata_2016",,
patersonssec,,
patibu2010,,
patolube,,
patomarischi,,
pattisonlorena,assistcard,1
patwill64,,
paucairoli,,
"peggys_22",,
pelopinchoycac2,,
perezperez1973,,
perfumealibro,,
petitdai,,
pfhernansosa,,
pheasesorlegal,,
piano55100,,
pipegomezb,,
pjuantorena,,
plannersba,,
"pm_argentina",,
"pm_hirel",,
"poder_brutal",,
politofernando,,
pollymil,,
poschenker,,
"pp_paz",,
pradostaff,,
pricabarre,,
prodisegur,,
producersfinancialgroup,,
profemollo,,
promosud,,
promoxar,,
prsolana,,
psolissanchez,,
psychovicky1,,
puestotrab,,
pulicip,,
punitnarotomo,,
pylargr,,
quecomparador,,
raduarte3,,
rafiatach1,,
rainvilb,,
rataaas,,
"raul__cervantes",,
raulmpaez,,
rdgatti,,
"reale_seguros",,
reconquista2022,,
remo80994353,,
remuremu0603,,
"ricardo_cab_gom",,
"rit_grndu",,
riverainoel,,
rmmiranda73,,
"ro_boutenet",,
"rob_omgwtf",,
"robert_mxm",JacdecNew,1
robertaconsigli,,
"roberto_moar",,
rochymax,,
rociarguello,,
rodders1000,,
rodelaplata,,
rodolforivarola,,
rodrigoaafonso,,
rodrigoagimenez,,
rogeliogamborra,,
rogercmichaud,,
rominakondrati1,,
rominatrix,,
romitaledesma30,,
"rosana_1970",,
roxanacastel,,
roxybavaro,,
rtetetetetetete,,
rtitours,,
"ruben_caba",,
rubenve29362213,,
ruete,,
rusosmash,,
rwcoazen,,
"ryg_seguros",,
s2son2on12,,
sabouringregory,,
sabrifields,,
sabrimanzanares,,
sabriwagner,,
safetysms,,
salutitreball,,
samedevil,,
"sanchez_pablo_e",,
sanezmartinez,,
sanhidrovo,,
sanmaski1,,
santarciero,,
"santi4_",,
santiagocadel,,
santiagomgpiat,,
"santiaguito_a_z",,
sarahbustos98,,
saramorenopy,,
sarofficer,,
satindollweb,,
savala72,,
sddesb,,
seb2it,,
seba34arg,,
sebafenix75,,
sebavidal18,,
"sebii_87",,
seccionnorte,,
segunlamun,,
segureando,,
seguridadpsa,,
"seguros_ar",,
"seguros_mg",,
segurosgaete,,
segurturistica,,
serginhogrondo,,
sextiano87,,
"sherezade_eva",,
"shillito_ray",,
"shishu_zafiro",,
"shubham_hajbe",,
siete79,,
silviatorresc,,
silvinaalley,,
silvitaviajera,,
simpleyclaro22,,
skandaya,,
slessard2018,,
slpapideboca,,
"sofi_eve",,
sofiaagostina,,
"sola_santi",,
solcito912,,
solemiguel,,
soleperrone,,
sonilik,,
sophiejoyat,,
sosuperfreak,,
"soy_sabri",,
soydmn,,
soyelluifa,,
soygipiyque,,
soyladyjane,,
soyleon1962,,
spencerpfreeman,,
spotterscordoba,,
ssamanta18,,
"ssn___men",,
"ssn_samer",,
"stake_stack",,
stellasarille,,
streetracingsrs,,
stukys,,
subterfugia,,
sunnydeas,,
susanaelizalde2,,
"suzanne_roig",,
swapnilnarang,,
tamoviajando,,
tanapujals,,
tatoantonione,,
tattuloca,,
tecmedsrl,,
telesphoreteta,,
tempe1978,,
thenewvalentino,,
therealhacha,,
tibur,,
tiesto03,,
tinchoescobes,,
tincholns,,
tipraton,,
tocumenaero,,
tolygirl,,
tomca50,,
tomifurini,,
tomiluchettiok,,
tomyagas,,
topomosso,,
tordosoy,,
tradecharting,,
travelsebas,,
"trotta_bakich_seguros",,
tuapart,,
turrasaulo,,
tutemdp,,
twitlertwit,,
unhotelero,,
unidosxvnzla1,,
uraymiurayd,,
urgenciaschile,,
urieldsimmon,,
usatrace,,
vaferreiros,,
vajay0341,,
valbob94,,
valelaico,,
"valencia_yhoali",,
valeriatepli,,
vanesamiramon,,
vanicarmona7,,
vaninosa,,
vascogomez,,
vazquezdelia,,
veerdun,,
vemilos,,
vericatholici,,
verospot,,
vhb65,,
viajacontodo23,,
viajandoxln,,
viajarysumar,,
viajeropanda,PromosaereasAR,1
viajesuniglobe,,
vickyhirmas,,
vickypuye,,
vickyulf,,
victorproto,,
vidaypension,,
vilmaroman50,,
virdelvillano,,
"vito_jaime",,
vivalaposta,,
"vj_virinzy",,
walmmed,,
walter18031,,
wandamalbec2016,,
waparadio,,
warmicha8,,
washing28694869,,
wedietitians,,
"wellington_duke",,
wenc2,,
willygrossman,,
wsyasociados,,
"xime_rr",,
xyborg,,
yellowstonetravel,,
yessfr,,
yiyokosushi,,
yordingallardo,,
yvesanchezphoto,,
zheperr,,
000salvatore,,
00akako00,,
00b922be14374d2,,
0156edgarmedina,,
0208naoto,,
02bii,,
02cents0,,
0370407d4e094bb,,
100dequeso,,
100thorn,,
10alexsantillan,,
10ananogueira,,
112224nmm,,
123arbogasto,,
123seguro,,
12b5c416f8e5408,,
12freddydavid,,
12victoraljo,,
13emanuelleon,,
13gano,,
1490csebwbe,,
17tucola,,
1800karo,,
18cobos,,
"1964_panzer",,
1981jw,,
1982drd,,
1990angie27,,
19bruu,,
1a31551c566e43d,,
1agentedeviajes,,
1maninparis,,
2010arita,,
2016mariano2016,,
"20_pereira10",,
20rueducirque,,
212gabriel,,
229people,,
"23_4loyd",,
23isaaclee,,
24cacheporsiem1,,
25anosdepaz,,
2610nitesh,,
263chat,,
26martapacheco,,
27r01,,
2ez28u,,
2kingnancy,,
2mazarine,,
2ndquartcentury,,
2tylene,,
"30marcos_",,
3208elifar,,
320fd0845747428,,
33glarry,,
"34_gmc",,
368yoshi,,
398rakugaki,,
434oscar,,
459lshdzgiwezfj,,
"4_kiku",,
"4e_tina",,
4ernieg,,
"4lvo_",,
4m4028,,
4realluuv,,
55biia,,
57oropeza,,
5diaspy,,
5seis,,
604stever,,
61pablopueblo,,
6373sonia,,
67uncle,,
69vanessa6969,,
6stark,,
74tommo,,
"76_karate",,
777appocalypse,,
7limas7,,
7occam,,
81112daisuki,,
"85_ocampo",,
92catholique,,
96toscanook,,
9kamikaze,,
"_0marisinha0_",,
"_1bigyoung",,
"_23sergio",,
"_3sfiap16_",,
"_7_ssn",,
"____anarita____",,
"__acbs__",,
"__beaa___",,
"__bruna_sofia",,
"__caldas_",,
"__calito__",,
"__catarinasousa",,
"__franck29__",,
"__fufy",,
"__iolanda_",,
"__mafs__",,
"__mians__",,
"__nnatu",,
"__rapr__",,
"__ruchissy",,
"__saraas___",,
"_aeri06",,
"_agressiva_",,
"_agussabadella",,
"_ahmvd",,
"_alfie_10",,
"_aliciarfrosa_",,
"_anelisearaujo_",,
"_artvandelay",,
"_atrezzo_",,
"_be_alone__",,
"_be_witched_",,
"_bea_6",,
"_beatriiz___",,
"_beatrizsantos3",,
"_bftlc_",,
"_biibas",,
"_c_eline_",,
"_carolinabd",,
"_carolinexx_",,
"_castrulio",,
"_catanzarook",,
"_ccarolinaa_",,
"_ccsr_",,
"_cpv23_",,
"_daniela30_",,
"_daniielaac_",,
"_dany_bessa_",,
"_diana_matias_",,
"_djsilver_",,
"_donuts_09",,
"_flordiazz_",,
"_gmp_",,
"_gnoli",,
"_gracemartinez",,
"_guacamala",,
"_hildamas",,
"_imleonor_",,
"_ines04__",,
"_inesassuncao_",,
"_inesds_",,
"_inesmotaa_",,
"_isamferraz",,
"_javifernandez",,
"_jcastellano",,
"_jen_",,
"_jjaym",,
"_joanaviveiros_",,
"_jscdx",,
"_juulian_",,
"_kittycabs",,
"_laaraa_2",,
"_leilape",,
"_leocuevas",,
"_leonelmoreno_",,
"_liz_bennet",,
"_lovevishal",,
"_luisacacador",,
"_luuuaanaa_",,
"_mafaldamaia_",,
"_margarida_23_",,
"_margaridaritaa",,
"_margaridatm_",,
"_margariiida_",,
"_maria_dantas_",,
"_mariabvg11",,
"_marialeonor_",,
"_marianaaa2705",,
"_marianocas_",,
"_mariar_18",,
"_marinaandrea",,
"_martiiiin_",,
"_masumi_222",,
"_menahope",,
"_merlin_pinpin_",,
"_micass13",,
"_miss__lg",,
"_mjan",,
"_mosesv25",,
"_mr2004",,
"_mr_moh",,
"_munene_kariuki",,
"_mw_sm_0615",,
"_nadinesilva_",,
"_opusbrain",ResurrectionESP,1
"_p1p4",,
"_pattyy_36",,
"_phungs",,
"_pipa20",,
"_rafspagain_",,
"_robertogil",,
"_rodrigoddsilva",,
"_roohb",,
"_rosabrava",,
"_sapient_",,
"_satanita_",,
"_scarletpm",,
"_sisi_00",,
"_sofiasantoss_",,
"_sonofthewind",,
"_susii___",,
"_taveiraa_",,
"_thomthomas",,
"_tichy",,
"_tommy_santana_",,
"_tua_prima_",,
"_vinke",,
"_xdsdx_",,
"_yaraafs",,
"_zac01",,
"_zlurdes",,
a1001p,,
"a_amdds_",,
"a_anozes",,
"a_anselmoo__",,
"a_barbiee_",,
"a_c_r_i",,
"a_catarina18",,
"a_cubana",,
"a_e_ohiggins",,
"a_friorenta",,
"a_sofia__",,
"a_urizio",,
"a_valduz",,
aaaguscuervo,,
aactweets,,
aajebli,,
aanassousa76,,
aaoa20111,,
aarias76,,
aaronclick6,,
"aaronperdomoo_",,
"ab_couet",,
abadlinda,,
abatura,,
abbebruno,,
abcontib,,
abdutoit,,
abedamaisnovo,,
abfeditorial,,
abigailgauna,,
abiiver,,
"abono_cero",,
abordramy,,
aboutlopes,,
"abr_seguros",,
abraceun,,
abramarti,,
abrayshaw15,,
abrilmaist,,
abrimigue,,
abrunasofia,,
absolutedu,,
abtkarmy,,
abuelito76,,
abybest11,,
ac48668544,,
"ac_venez",,
acadeito,,
acanatu,,
acardosinha,,
acarinablanco,,
acaroldoscp,,
acarolinalemos7,,
acarona18,,
acatgonzalez,,
acbjv,,
acebanger,,
aceitemaquiz,,
acelmamelero,,
achienglaurine,,
achinelly,,
achk219,,
aclaudiaop,,
acodese,,
"acosta_md",,
acostafundafla,,
"acs_cv",,
acstapaulina,,
activa987,,
actualidadworld,,
actucameroun,,
actuplus2,,
"actus__",,
"acuarela_1",,
ad198741,,
adak123,,
adama92a,,
adamrod87,,
adamshephard01,,
"add_luis",,
adedoyinjuwon,,
"adela_delcr",,
adelacoa3,,
adelividal,,
adenbs,,
adetunjibarry,,
adidiqtuadoras,,
adiliasilva02,,
adiosbitches123,,
"admiralghost_",,
adogel,,
adolfofherrera,,
adolfopomar,,
adorasera,,
adquerir,,
"adri_duque",,
adrian64850842,,
"adrian_a_biondi",,
"adrian_acos",,
"adrian_duete",,
adriana33slb,,
adriana63974820,,
adrianaabril07,,
adrianadimauro,,
adrianalages4,,
adrianalpmqlp,,
adrianasira2,,
adrianblackfyre,,
adrianj2112,,
adriannacoronad,,
adribfb,,
adricas69,avantrip,1
adriengoetz,,
adriesc,,
adrikari17,,
adrilennox,,
adriveron,,
adrmaidana,,
adru70,,
"adry_mtz_",,
adsilos,,
"ady_ta",,
aelzeheiry,,
aemartinn,,
aepbion,,
aeroventa,,
"aerwaves_",,
"afc_clermont",,
"afi_escuela",,
"afonso__ribeiro",,
agaliano68,,
agalindez02,,
"agama_andalucia",,
agarompus,,
agarzuaji,,
agbrokers,,
agenciera,,
agencychecklist,,
aggulara,,
agimenezcruz,,
agisbertarnal,,
agneluttop,,
agobiadeishon,,
agoldweic,,
agostachella,,
agozferretty,,
agrettiemiliano,,
agridiego,,
"agro_sevilla",,
agrobialar,,
aguilarpia69,,
agusbengochea,,
agusblancolara,,
aguscrack8,,
aguscuervo84,,
agusfolcher,,
aguslusa,,
agusmessini,,
agusordoqui,,
agusouto,,
agusrodok,,
agusrv1981,,
"aguss_tiinaa_",,
agussslpz,,
agussup39011241,,
agustin1233,,
"agustina_puebla",,
agustinamdq,,
agustincanigia,,
agustincreevy,,
agustinponcedl,,
agustinquirogaa,,
"agustxna___",,
agustynperez1,,
ahkinmay,,
"ahmad__59720",,
ahmedelhawaty,,
ahmednajii7,,
ahreigarzabal,,
aialjama,,
aiamcatperson,,
aiandog47,,
aibexint,,
aidegabriel,,
aigtuiteando,,
ailavuchu,,
ailindiazinsua,,
aimadediamante,,
ainhoamaiden,,
"airbnb_es",,
aires80152840,,
airgambito,,
airseg,,
aishwaryup,,
aismbul,,
aitorcanibe1,,
aitzihernandez,,
"aiucrl_",,
aj814patricia,,
ajaraw,,
ajfleanez,,
ajito1979,,
ajo60,,
ajupedroso,,
akapaulinho,,
akdleandro,,
akihan022,,
akilesampo,,
"al_zol_",,
alabamababa,,
alainferrandi,,
alainpannetier,,
alainpronkin,,
alainsenechal1,,
alamolac,mamalatina,1
alamoluna89,,
alamosv,mamalatina,1
alanahoffman25,,
"alanjmitchell_",,
alanlad,,
alanxicoch,,
alarconma07,,
alarcono71,,
albaferrero5,,
albasmalko,,
"albe_1964",,
alberb11,,
albertbosch4,,
albertcastells1,,
albertda1900,,
albertdulac,,
alberto27810143,,
"albertp_1",,
albrto951,,
albynat,,
alcantaramariu,,
alcataleya,,
alcazarnegocios,,
"alcbds_consumo",,
alcoornoque,,
aldachi2222,,
aldanett,,
aldimaguna,,
aldj66,,
"aldo_diaz28",,
aldoappel799002,,
aldocorbo,,
"aldy_jimenez",,
"ale_agrelo",,
"ale_antelo",,
"ale_biedma",,
"ale_graz",,
"ale_obaid",,
"ale_rey",,
aleba0510,,
alebottega1,,
alebrzl,,
aleccardenas,,
alechenlo,,
"aleejo_lpda",,
aleelatrechiana,,
aleexmonteeroo,,
alefiliberti,,
"alegre_shady",,
aleidaosorio,,
"aleixo_danii",,
alejaddamo,,
alejama66,,
alejand20303173,,
alejanderita,,
alejandra52,,
alejandramataoc,,
alejandramene,,
"alejandro_melo",,
alejandrobasso,,
alejandrogalviz,,
alejandroverio,,
alejandrrak,,
alejaros638,PromosaereasAR,1
alejavec,,
alejmoreira,,
alejoguevara1,,
alejohanson,,
alejoj27,,
alejosefina2,,
alelopezbdz,,
aleman3000,,
alemanangulo,,
alepaz72,,
alepiceno77,,
alepinola,,
aleramirezcnn,,
alerefurci,,
alerodriguez5,,
alerosenfeld,,
alesalgueroi,,
alesaltoscba,,
"alesanotty_",,
alessandraprior,,
alessandrobarix,,
alessandrohoale,,
aletefarma,,
aleventola01,,
"alex_charnego",,
"alex_orue",,
"alex_pereira93",,
alexa17777731,,
alexamaltez2,,
alexand85350732,,
alexander12leon,,
alexandmart1983,,
"alexandrapg_06",,
alexandrybruno,,
alexatae20,,
alexaussedat,,
alexavilapr,,
alexculo6,,
alexferrero15,,
alexgonxa6,,
"alexhill___",,
"alexis_lezcano7",,
alexisferreyros,,
alexisjnavas,,
alexisv26,,
alexluck9,dafengcao,1
alexorea,,
alexpelumi,,
alexpolo30,,
alexstradda,,
alexsurbano,,
alextienda,,
alexuchacr,,
alexvallenilla,,
alexvanzant,,
alexvargasr26,,
alexzuri97,,
alezalazar,,
alf565,,
alfaomegacurico,,
"alfila_consulto",,
alfonso10dt,,
alfonsourcola,,
alfonsovn,,
"alfre_gr",,
alfredenewmanoo,,
alfredochuriond,,
alfredpagano,,
"ali_srour96",,
alianzasocios,,
alibiri74,,
alicevrose,,
alicia40759600,,
aliciaaasofia,,
aliciabueno10,,
aliciacc69,,
aliciacdegomez,,
alicianac,,
aliette08294520,,
alineroy2,DrouinDa,1
alinicol1888,,
aliro10,,
alis571,,
alishasoca,,
"allan_crawshaw",,
allariopatri,,
"allende_carm",,
allianzassistes,,
allianzist,,
allianzsegurosa,,
allorepazz,,
alloresm,,
almaimendez1,,
almempresas,,
"almundo_ar",AsistenciaYa,1
alniquet,,
alondrita3111,,
alopezrodz,luisenriquefalu,1
alsurdelbravo,,
altar7,,
altoba1965,,
altovoltaje900,,
aluiziomattos,,
"alvaro_tombe",,
alvarobrizuela,,
alvaroisa,,
alvizlo,,
alvsamsan,,
alyvett05,,
alzavuelotravel,,
alzuhira,,
am15g15,,
"ama_teenangels",,
"ama_yatevale",,
amafuerte1,,
"amal_thekender",,
amaliabe,,
amaliatp,,
amandavidalg,,
"amanndapenhaa_",,
amaramiau,,
"amaria_ramos",,
amariedussault,,
amarineda,,
amarreirvivir,,
"amazing_grace_v",,
amazingino,,
ambaar26,,
ameganmao,,
ameghinocarlota,,
ameliemelo30,,
"ameyatzin_h",,
amifera,,
amijodoin,,
amilcarroca5,,
amilcarryumeko,,
amitdynemor,,
amitechauri,,
ammaliving,,
ammeamreh,,
"amo_dengaz",,
"amo_la_bibbia",,
amod999,,
amoralarte02,,
amorenadoslb,,
amorporaguiar,,
amsiqui,,
amyboy32,,
amylxii,,
amzirivera,,
an67raf,,
ana36184175,,
"ana_brit01",,
"ana_britto",,
"ana_castro3101",,
"ana_couto_09",,
"ana_imrodrigues",,
"ana_lucas_",,
"ana_matos1505",,
"ana_pereira_18",,
"ana_yukito",,
"anaa_alves29",,
"anaaa_filipa_",,
anaabeatrizz99,,
anaacarvalho26,,
anaacbb,,
anaafonso99,,
anaanaavi,,
anaaninhas51,,
anaaribeiroxdd,,
anaaritaamendes,,
anabela56628580,,
anabelaro,,
anabelnprez3,,
anabsurdnotion,,
anacastillol,,
anacataluna99,,
anacatarinagar2,,
anaclaudiapf18,,
anacoves2805,,
anacristinamass,,
"anacsilvaa__",,
anactasocios,,
anadias1276,,
anadob29,,
anadulc32824125,,
anaenviaje,,
anafrancisa15,,
anagabr87083007,,
anaganseguros,,
anaglagio,,
anagomes1906,,
anagonz12314787,,
anah1900,,
anahilondero,,
anahipc73,,
anairamjrtl,,
anajurador,,
analaurafontana,,
analiatomas,,
analsventura,,
analuzcarolari1,,
"anama_bet",,
anamari29307283,,
anamarinoc,,
anamartins20011,,
anamartins2002,,
anamoreiraa7,,
anan2hirodayo,,
"anan_050",,
ananhanadayo,,
"ananmikiko_ks",,
anapeiro19,,
anaponcea,,
anaporcel,,
anarbsilva01,,
anarita195,,
anarita64137678,,
anarita6996,,
anaritapestana1,,
anarodriguesaf,,
anarosamoncada1,,
anasilv15860108,,
anasilvadm,,
anasofiasousa21,,
anasofiia06,,
anasofsmarques,,
anastjerne,,
anateixeira274,,
anavamm1,,
anavas4,RTultimahora,1
anayasa1,,
ancard23,,
"ancave_lebrija",,
ancrisa,,
andaregoncalve,,
andavila197926,,
anden4,,
andergayamor,,
andespotters,,
andiforest95,,
andinofederico,,
andinotravelec,,
andradedeily,,
andrademariaeu1,,
andradetixa,,
"andre_bai",,
"andrea_cariello",,
"andrea_hynst",,
"andrea_zacarias",,
andreaend,,
andreal08653733,,
andrealarabts,,
andreamscolo,,
andrear1968,,
andrearriola,,
andregrades13,,
"andreia_2323",,
andreiaaaaa19,,
andreiaafilipa7,,
andreiacndsousa,,
andreiafilipass,,
andreiajp2000,,
andreiamik,,
andreiammaria,,
andreitalicera,,
andrela11,,
andrelache,,
andrelove71,,
andremaria1004,,
andreoliveir00,,
andres08bello,,
"andres_feris",,
"andres_jago",,
andrescespedes1,,
andrescuervo90,,
andreseponte,,
andreseze10,,
andresgariglio,,
andreslavallen,,
andresli95,,
andresmengoa,,
andresol55,,
andresquemu,,
andresscarlatti,,
andrevale100,,
andreya20021,,
andreyw33,,
andriaafilipa,,
andronicosuarez,,
andrs19945709,,
"andy_77_",,
"andy_pm15",,
andyassenza,,
andycilla,,
andytwittea,,
andyypants,,
anea07,,
aneivaldi,,
angadsandhu,,
"ange_rui",,
angela5sosrod,,
angelaspatricia,,
"angelduran_90",,
angelica9010,,
angelicavaneek,,
angelo79653031,,
angelobagnato,,
angelpedgar,,
angeltouch69,,
anggelromero,,
anghelook,,
angi32869972,,
angieacotto,,
angulafoto1,,
"ani07_",,
anianicasavalle,,
anibalpachanga5,,
anicetoramirez,,
aniedfeld,,
aniimartinelli,,
aniitabenite,,
animaldgalaxia,,
"anita_rep",,
anitabarone11,,
anitacasagrande,,
anitachehin,assistcard,1
anitagatti,,
anitagonnin,,
anitaparodi,,
"anitaramos_30",,
"anna_72bis",,
annabieberrr21,,
annamariaandalo,,
annapeppers,,
"annaxbia_",,
anngimenez,,
"annick_chupin",,
"anniecandy__",,
anniecataldo,,
annunaki38,,
annypls,,
"anonymous_lider",,
anonynews111,,
anselmoe1,,
anselmoramos151,,
antisistemacabr,,
antitocarbini,,
antmiga,,
antoallegri,,
antocandace,,
antoineveilleur,,
antomacchiavell,,
antonelistica,,
"antoniam_r",,
antoniaoviedo,,
antonimuspain,,
antonio2347,,
antonio25419772,,
antoniorhidalgo,,
antonios71,,
antonitaishere,,
anttinoh,,
anttoherrera,,
antuaccu,,
antuness1893,,
anunaysood,,
anuragisalone,,
anuskapolsky,,
anver08,,
aoc111,,
aoca98,,
aottati07,,
"aparisi_vicent",,
apartlabora,,
apavs1609,,
apccaserseguros,,
apereira2505,,
apidjams,,
"apires_17",,
aplito,,
apontaponte,,
"appel_lazare",,
appoliange,,
aprocose,,
apsabelli,,
aquejazmin,,
aqueladatl,,
aquelarrados,,
"ar_casan",,
"araceli_redal",,
araceliarce15,,
aracelis19,,
aracely280498,,
"aram_dott",,
arangosaul,,
aratxila,,
aravargass,,
"arc_coop",,
arcechechus,,
archiecoria,,
archterentius,,
"arcion_org",,
"arcsa_cz6",,
areliscolme,,
arevalojuanrob1,,
argcabruno,,
argdeviaje,,
argenisgallardo,,
argento766,,
argentwister,,
"ariadna_luz123",,
ariamoramos,,
ariannapoletti,,
arich717,,
aridaddario,,
"arie_ssn",,
"ariel_basano",,
arielbenega,,
arielfco8284,,
arielgustavo4,,
arielro42,,
arielroel,,
aries2011956,,
arigamor,,
arigol1988,,
arileonio,,
arisetton,,
ariswxdi,,
arjemca,,
arlenip,,
armaaqueirel,,
armagedon191,,
armanariel,,
armaz61,,
armig29,,
army70064239,,
armyeuphoria95,,
arnoldkass89,,
arombi,,
arquick,,
arrechostoy2,,
arrejuancho,,
arrunte05,,
"arsenal_25",,
"arsenal_k0ng",,
arsenwitch,,
arsmayucss,,
arthewayliam,,
arthuromaniac,,
articulo83,,
artmusicpa,,
artomorrowland,,
arturoenmiami,,
arturojupiter,,
artuvv15,,
asadacloud,,
asajasevilla,,
asanjuanelo,,
asapbrut,,
asdrubal1963,,
"asedas_org",,
asegurategodoy,,
aserioqnaovi,,
asesorfinaciero,,
asesoriaarmor,,
asfamesval,,
ashland33harry,,
ashlouwho,,
asiesmuydificil,,
askamex,,
askgerbil,,
asmeix,,
"asmeval_seguros",,
asniathtm,,
asolexabogados,,
asosnicki,,
asrnw,,
assaabloyentes,,
"assuncao_isabel",,
assuntalico,,
astrobotica,,
astrochnis,,
astroputos,,
astwitt1,,
asurdem,,
"atal_lili",,
atgoot,,
atj06,,
"atlanta_perry",,
atodociclonsl,,
atomiclemon,,
atrozcon,,
aucapinaalberto,,
audioman1975,,
audiomel,,
"audrey_nam07",,
augelliale,,
auguss,,
augustogat,,
auquincoviajes,,
auramarque,,
aurarosaj,,
auraseguros,,
aurayawr,,
aurelianaa,,
"aurelie_idf",,
auriacus,,
aurinegro1,,
aurisanchez55,,
autochad,,
autolikos1,,
autopolitics,,
avantecas,,
avarelardila,,
avdit6,,
aveilleur,,
avijitguptaa,,
avilesycancio,,
"avion_negro",,
aviones737,,
avognes,,
avra46,,
avrinaudo,,
avsanmarcos,,
awolberg,,
axarueda,,
"axel_rod123",,
"aya_0322_chyh",,
ayalanahuel,,
ayechumg,,
ayecolloca,,
ayelencardozo01,,
ayelencarp,,
ayelenfeer,,
ayiigallego,,
aymafusz,,
aymenbelkacemi1,,
ayochapa,,
azeved2809,,
azevedomariana3,,
azinomto,,
azizmahadi14,,
azulgrana0608,,
azuzanelli,,
b38f4c59fafb40f,,
b9722a04cd7a4ae,,
"b_ca_es_eu",,
"b_n_t_97",,
babelgrace,,
babics29,,
babiggarcia14,,
"babixa_11",,
babuito,,
babybcl,,
bacodesign,,
baileyrsa,,
bala2357,,
"balde_do_lixo",,
baldivieso1962,,
baleiaaboiar,,
"bananas_232",,
"banca_y",,
bancosyseguros,,
"bang_tann7",,
bangnctzen,,
bangtanmassiel,,
"baptista_comp",,
baquerozaritza,,
barandaand,,
barasa89,,
barbara10082004,,
barbaracastroo,,
barbaracostaa18,,
barbaracscunha,,
barbaradu30,,
barbaralnewsome,,
barbarasivini1,,
"barbariux_",,
"barbyfernandez_",,
"barbz_idk",,
barcaeconomics,,
barciofabian,,
baresqueano,,
barmagal77,,
baronseguros,,
barouf2,,
barrabas81,,
"barricada_azul1",,
barucor,,
baseball1960s,,
bassxmarco,,
bastbrushie,,
"bastian_ver",,
"bastos_erica01",,
bat2803,,
batelierhouse,,
batesmal,,
battagliaariel,,
batyluco,,
batyzan,,
"bauti_lv",,
bautigallo,,
"baza_dq",,
bazapf,,
"bbeatriz_03",,
bbrbroker,,
bbvaresponde,,
"bc_lufc",,
bcaceres80,,
bcardoso447,,
bcarter187,,
bdlmotte,,
bea00227,,
bea212411,,
"bea__lourenco",,
"bea__martins",,
"bea_lbr",,
beabobrasta,,
beaelizundia1,,
beafranco04,,
beaniedancer,,
beatricechirife,,
"beatriz03__",,
beatriz21028639,,
beatriz60827063,,
"beatriz_0600",,
"beatrizc16_",,
"beatrizcosta_20",,
beatrizcozzi,,
beatrizgleonor,,
beatrizjgarcia3,,
beatrizm6969,,
beatrizmjacob,,
beatrizpais17,,
beatrizpinhoooo,,
beatrizvos,,
beauchampdiane,,
beavargas26,,
beavenancio25,,
beaxltz,,
bebosandoval1,,
becerragonzalo,,
"bech_normand",,
beckylschroeder,,
beel938,,
"bego_paredes",,
bekan222,,
belandrialara,,
"belaranda_",,
belenforte,,
belenllamedo,,
belenseia,,
belhymuneca,,
belieberuhl,,
belisariopolis,,
beljblove,,
belkismiranda12,,
belkisolmos,,
belkissisiruca,,
bellaclaretc,,
bellaquimey,,
bellimingo,,
beludoce,,
beluganiete,beluganiete,1
belulindner,,
belvegablanco,,
"bem_belou",,
"ben_cuit",,
benalmadenagolf,,
bendicionespais,,
benedettofer,,
benedicte123a,,
benedictejacq,,
benignodelvall2,,
"benin_retweet",,
"benja_r_n",,
"benjamin_leduc_",,
"benjamin_masua",,
benjamincedano,,
benjasanguinook,,
benji578,,
benlechialeux,ric09160767,1
bennemiguel,,
beo22,,
berardpatrice,,
berdasco88,,
berlich,,
berlinaleph,,
bernaaas420,,
"berni_2833",,
bernnardess,,
berrysundae,,
"berserken_",,
bertchat1,,
bertolelucas,,
besocialedu,,
bessoynwa,,
bestokunharo,,
betansa,,
betcrishispano,,
betoooo14,,
betsyra13896593,,
bettus1423,,
bettymoreira14,,
bettypolanco7,,
bettyzperezj,,
bevaquanico,,
bflexmx,,
bganino,,
bgdaddylan,,
"bia_blue_moon",,
"bia_santos_26_",,
"bia_silva_6",,
biabarros01,,
biacarvalho824,,
biacolaco10,,
biacorreiaanac1,,
biagnv,,
biancaa0000,,
biancamfuso,,
bianchipablo2,,
biapanda4,,
"biav_pereira",,
"bibas_23",,
bibicamposarg,Floxie10,1
bichoverde4,,
bicilineal,"CB_Castellana",1
bidotmorell,,
bidsfaines,,
bieberdahiana,,
bigef23,,
biggestnoobeuw,,
biiadcpereira,,
biiianca2000,,
bikertotal,,
bilbaina27,,
billones1975,,
billysheards,,
"biocas_ferreira",,
biocorsario,,
biodalcontrol,,
bisarinimaurice,,
bitsofsport,,
biznike77,,
bjholysee,,
"bl_cande",,
blackleybluebb,,
bladimirospina1,,
blag2,,
blajeunesse,,
blancagtm,,
blandinhugonnet,,
blasnavara,,
bleuminette,,
blmpereiraa,,
blog4mejores,,
blogdestina2,,
blogmrkitos,,
blondenevadan,IRSnews,1
blondeninsha,,
bloodylongwalk,,
"blue_eyeshng",,
bluemarioc,,
blueskies366,,
blueturismo,,
"blythe_club",,
bmiranda1980,,
bmwthor,,
bobby4me,,
bobindavid,,
bobzebob,,
bogaraptor,,
bohgraciela,,
bolachasaopoder,,
bolud444,,
bomberaloca,,
bonaria58,,
bongisiphoduba,,
bonitobox76,,
bonjourbel,,
bonniemcee,,
bonvoyagecdmx,,
booleancorp,,
boookloover,,
borealbrokers,,
"boris_payares",,
borjamontero13,,
bormonde,,
borquezrosario,,
borrntokill,,
boshtero,,
bossnabykeita,,
botapaadormir,,
botasdemontana,,
"bottleswithyou_",Kmharte,1
boubacarmamman,,
boukarif,,
bowiecomidas,,
"br1_isasi",,
bradbradsweet,,
"brainbow_",,
braintrustcs,,
brancoo18,,
"brandon_cityyy",,
brandonsenior15,,
brany69,,
brasttx,,
"bravo_krlos",,
bravomar28,,
brazaof00,,
brbarasofia17,,
breenrc,,
breezyjay13,,
breiti3,,
breizh2008,,
brendanmalone8,,
brianjalkh,,
brianjosue424,,
brianmoylan4,,
briansrur,,
"bridgestone_h",,
brigittellinare,,
brisabatti,,
britow69,,
brsts8,,
bruceatkinson17,,
brucegaravito,,
bruna23daniela,,
bruna64544245,,
"bruna_1323",,
"bruna_bubu1234",,
"bruna_gigante",,
brunafi08135179,,
brunaje10719645,,
brunar99823052,,
"brunelli_hugo",,
"bruno_bqueiroz1",,
brunoblanco1310,,
brunokhalil1,,
brunol66,,
brunomenswear,,
brunoomc16,,
"brunoskas__",,
brunovespe,,
brunssm,,
bryanhinojosa81,,
bryantrafael1,,
bsivika,,
bsmsports14,,
bteixeira36,,
"bts_areparadise",,
btscarstairs,,
btsjmjk69,,
btsmagri,,
btstusjefesitos,,
bufonn69,,
buh1627,,
"bull_buy",,
bunchofdetails,,
buque09,,
burburecargadas,,
burgerlifeblog,,
burningstandard,,
burton390,enriquedediegov,1
busanmon,,
buscatuviaje,,
"but_crackeds",,
butterlyblue51,,
bvbdarklover,,
bymariotimee,,
bynakel,,
byvtdm,,
"c_leguizamon",,
"c_sevenn",,
"c_yoonje_0625",,
ca7b13debbec495,,
caamisuri,,
caarlosgomezz,,
cabrera7902,,
cabrera828,,
caceressa1,,
cacerito97,,
cachopertuso,,
"cachorro_47",,
cadenasoctavio,,
cadrian997,,
caesarferrario,,
cagalitralboy,,
cahellebuyck,,
caia2k,,
caimmann,,
caipaladarnegro,,
cala,,
calderaedgarftg,,
calebsowah,,
"call_me_hood",,
callelavalle,,
"cam_peti",,
camachoolivia45,,
camaracasanova,,
camaradeljuguet,,
camarapr,,
camidiez,,
camiimontilla,,
camila10012782,,
camilaa0906,,
"camilaa_0517",,
camilafeatgrier,,
camilagonzlezf2,,
camilamojavik,,
camilaramoa6,,
camilaruizq,InfoViajera,1
camilfranzoni,,
camilopelaezs,,
camimonzon,,
"caminante_13",,
camionargentino,,
camiondirecto,,
camloandrs,,
"cammi_albornoz",,
campesi78994715,,
campocyl,,
camponeblina,,
"cande_holm",,
"cande_quevedo",,
candedecillis,,
"candela_booth",,
candespeche,,
candresferreira,,
candylectora,,
candyrosa66,,
canecomaria,,
canimosa,,
canseidetudi,,
cantor1daniel,,
cantunesss,,
canyardu,,
capdanielh,,
capdevielli,,
capelinhaalvaro,,
capgeminimx,,
capinacho2014,,
capo47,,
"cappy___",,
capucalzado,,
caralvar,,
caramirez74,,
caraquenita31,,
carballoari,,
"carbon_ma",,
carbopato,,
carcamoamalia,,
cardifluxvie,,
cardifnl,,
carina61325978,,
carinaspero,,
caripert,,
"carito_pedrozo",,
cariwerner,,
carlaaamonteiro,,
carlabarada,,
carlajaneth28,,
carlalorenarg,vladimirpetit,1
carlanhabalii,,
carlbon5,,
carlifernandz,,
"carlitos_cr12",,
carlo92962629,,
"carlos_02",,
"carlos_fh",,
"carlos_vzla2017",,
carlosarmentano,,
carlosbsas1000,,
carloscarpcab,,
carloscppbs,,
carlosd58462699,,
carlosdaviddaaz,,
carlosdiegord,,
carlosethan86,,
carlosfundafla,,
carloshergar,,
carlosidelson,,
carlosjblancog,,
carlospelli,,
carlosplz,,
carlosr58909951,,
carlossilvap,,
carlossl21,,
carlostorrisi,,
carlosvilla200,,
"carlota_neto",,
carmelaledesma,,
carmelmagazin,,
carmenarpon,,
carmenduarteh,,
carmengarcia2,,
"carmenjimenez_",,
carmenq51421981,,
carmenvaleriag,,
carmenyag,,
carminasil,,
"carmine_52","max_ronchi",1
carmonalinda,,
carnortian,,
"caro__olivieri",,
caroaquintana,,
caroboss1,,
carodebsas,,
carodelsoglio,,
carogaggero,,
"carol_0940",,
"carol_carvalh16",,
"carol_mfpereira",,
"carol_sg_gomes",,
carolabianchi23,,
carolajpv,,
carolalencar21,,
carolblumenfeld,,
carold27,,
"carole_ventura",,
carolfcx,,
"carolgomes_68",,
carolin01373251,,
carolin20139302,,
carolin53942397,,
carolin61714699,,
carolin74040612,,
carolin82894159,,
"carolina13_07",,
carolina1975pea,,
"carolina_ganhao",,
carolinaaram0s,,
carolinacam02,,
"carolinafh__",,
carolinaghdeb,,
"carolinalm_",,
carolinammata,,
carolinapicc,,
carolinaramalh1,,
carolinaryen,,
carolinaurtea,,
carolintxu,,
"carollina_sf11",,
carollm333,,
carolprosamigos,,
carolrosa227,,
caromag,,
caromassei,,
carool21092000,,
carrerasdenor,,
carterocronicas,,
cartifct,,
cartujo46,,
"carvalho_878",,
carvalhofds,,
casacomigocervi,,
casadactg,,
casallas1000,,
cascales2pedro,,
casellacampione,,
casifake,,
casimellamorita,,
cassinoezequiel,,
castileddy,,
castilloy16,,
"castle_of_light",,
castorfavelo,,
castroirizarry,,
castuljimez,,
"cata_linares",,
"cata_oliveira__",,
catablanco2,,
catafreitas00,,
catalina1901,,
catalinasolluna,,
"catariina_22",,
catariinasoares,,
catarina56491,,
"catarina_72",,
"catarinaa_29",,
"catarinaaa_02",,
catarinacosta05,,
catarinamador18,,
catarinamariavl,,
catarinamilo20,,
catarinapm25,,
catarinaraoul,,
catarinavarejo2,,
"cate_66",,
"catedrafi_udc",,
"cath_point_ch",,
catherinepujol1,,
catholique,,
cathovoice,,
catia155,,
"catia_costa16",,
catiamanuel12,,
"catiasilva_00",,
catica05300723,,
catilarosa,,
catimbanz,,
catio1969,,
catlicovandlic1,,
catodo393,,
"catolico_news",,
catsoares13,,
"catss__9",,
caturismomedico,,
"cavallo_silvana",,
cavspablo,,
cayetanojaime1,,
cayotoca1950,,
cazenavesofia,,
cazoltero,,
cbajorge,,
cbenespanol,,
cbernardins,,
cbonacorso,,
cboxok,,
cbr3385,,
"cbr_cordoba",,
cbsac91,,
cburgos85,,
ccaballero10,,
"ccabrera_ve",,
ccandaj,,
ccarolinabch,,
"ccc_arg",,
cccalasanz,,
cccrosana,,
cceschini,,
cchaland,CatholicNewsSvc,1
cciarg,,
ccoelho2000,,
cdave1c,,
cdia01,,
cdlorente,,
"cdlr_89",,
cdposse,,
"ceads_ar",,
cebartemora,,
"ceci_mancia",,
"cecibritto_",,
cecicaimer,,
cecicamba,,
ceciceci2,,
cecidepalermo,,
ceciliacorfiato,,
ceciliamchdb,,
ceciliapex,,
ceciliapiru,,
ceciliaprofetic,,
cecillalvez,,
cecimartzz,,
cecipum1,,
cecisalou,,
cecitomi,,
cecitorrejon,,
celbsa,,
celcastroreale,,
"celeste_violeta",,
"celia_oduber",,
celianny,,
celice75,,
celinepinson,,
cemorafer,,
centrodeto,,
cepositivo,,
ceratix100pre,,
cerditoirlandes,,
ceroav,,
ceropaciencia,,
cerrosantaana,,
cersinger,,
cervezas6,,
cesar17565126,,
"cesar1_quintana",,
cesaratl18,,
cesarbcmx,,
cesarbey,,
cesarbricec,,
cesareo2014,,
cesarettijuan,,
cesarin2613,,
cesarivanna,,
cesarmarcel1,,
cesartranquill1,,
cfalcos,,
cfdrok,,
cfmactualite,,
cgcfotografo,,
cgrodriguezruiz,,
chaarlone,,
chabela0,,
chabelabarreiro,,
chacaceci,,
chacon0709,,
"chain_roberto",,
chamamemonica,,
chamanariel,,
chamatropulos,,
chambssy,,
chamigoayalita,,
chanchospunta,,
chandonss,,
channelloking,,
chanocandanga,,
chantal1019,,
"chapa_ruso",,
charicenturion,,
charlsbravo,,
"charly_g_86",,
charlycardozo2,,
charlylledesma,,
charrocarp,,
charrurreta,,
checharlu,,
chechofigueroa,,
chechu36,,
chechuusss,,
cheiito1122,,
chekcov,,
chelocame,,
chelologu,,
chemichti,,
chemijt,,
chenga09818436,,
cheogonzalez18,,
chepas14,,
cherangelg,,
cherneyjoss,,
cherryplitus,,
cheryna27,,
cheshiregirl5,,
chetiquita,,
chezladuparc,,
chiaraarduini,,
chicadejeans,,
chicadeyra,,
chicagocatholic,,
"chicca_mala",,
chichipia2017,,
"chichito_1",,
chicobay1,,
"chie_ogu",,
chiisanpo1002,,
chikichukiss,,
chileshemwape11,,
chillitsjulia,,
"chimchim_eilish",,
chinalr,,
chinatsu850724,,
chinche111,,
chinche67,,
chinchontepec22,,
chinguitino,,
chinorodca,,
chiolobruno,,
chiquitinb,,
chiquivelasquez,,
chise991,,
"chivita_punk",,
chiwizz1,,
chloepoliticat,,
chrisbrajus,,
chrisfiallo,,
chrismiz7,,
christiannacato,,
christiedarryal,,
christinalana6,,
christmarion,,
christoffervrhu,,
christosmessiah,,
chtey05,,
chubutpatagonia,,
chukineger,,
chulkinet,,
chupemmeapilaja,,
churchsurvivor,,
churysira,,
chvijose,,
chyh971113,,
"chyh_stars",,
cibeles,,
cicicanavilhas,,
ciclonboedo,,
cielos21,,
cimarapr,,
cimbomcakal,,
cincuentayque,,
cindynero001,,
cinthiibogado,,
cintianatalys,,
"cioc_colatini",,
citgny,,
citroensalinas,,
ciudadanoche,,
ciudadycomercio,,
cjspachi,,
cklbauer,,
claireofmoon,,
claptrinidadi,,
"clara_glez97",,
"claraa_vieiraa",,
clarabrennerr,,
clarimoreira,,
"clau_nogar",,
"clau_verdun",,
claudia012062,,
claudia18952544,,
claudia43350529,,
"claudia_bragabs",,
"claudia_isa1904",,
"claudia_marullo",,
claudiaisabel69,,
claudiasoccorso,,
claudio72varela,,
claudiodipaola1,,
claudiopalmas,,
claudiovilar1,,
clauditanav,,
"claufrodrigues_",,
claugrela,,
claukorpic,,
claumarcardoso,,
claumonif1,,
clauperci,,
clauuu32,,
clazaoui,,
cleosagas1,,
cleverandmore,,
climaballester,,
cliniquestjean,,
clint0ndani,,
clste81,,
cludiaberengue1,,
cmctech21,,
cmerituatona,,
cmgadrogue,,
cmosconi,,
cms66,,
cnbravo,,
cnpseguros,,
coachingpronice,,
coachlsaenz,,
cobertis,,
coccaclaudio,,
cochaviajes,,
cocholitos,,
"coco_barbudo",,
"coco_cz",,
cocoburguers,,
cocodrilomino,SirChandlerBlog,1
cocoviajero,,
codangelo,,
codigoscom,,
cohintha,,
coitilugo,,
cojunglar,,
colega55,,
colifaback,,
colinabetzam,,
colinettrotta,,
colmannora1,,
"colo_pb",,
colobonluzmila,,
colombiaflash,,
colomboqc,,
coloratavoice,,
comaloe,,
comanche963,,
comandolibvzla,,
comartino,,
comecomecommala,,
commsec,,
comnolkys,,
"compass__rose__",,
comseguros,,
conan691,,
conchadeviaje,,
conchenti,,
condor32justo,,
conigro,,
"connie_0814",,
connitos,,
constantino0210,,
constelaciones0,,
consumidores,,
contalito,,
"conti_silvano",,
contiscoopera,,
contracuerpo,,
contremam23,,
contreramonica,,
"contu_a",,
coolise,,
coordinadora25s,,
coordinadorapos,,
copyofone,,
corazonaquino25,,
"corazondemango_",,
"corderokarla_",,
corinavanesaort,,
corndiva111,,
coromartinez76,,
correduriabc,,
correia1893,,
correoferluis,,
corrochanoraul,,
"cortez_yubraska",,
cosasdebaboon,,
cosmobrok,,
cosmokarina,assistcard,1
"cosplayer_ssn",,
costaadrianinha,,
costeslioneler,,
cotibrusadin,,
cotigesino,,
covitomajo,,
coyicabuto7,,
cpamplo08,,
cpantosti1,,
cpelaezw,,
cperdomor,,
cplberry,,
craig73webster,,
crazymofofheart,,
crazyofkook,,
crbeiro,,
credens,,
crepresas,,
"crespo_yraida1",,
criadoenterado,,
criptoinforme3,,
"cris_ameixinha",,
crisbenitezzz,,
crisclaud,,
crisfaure62,,
crismargarida11,,
crisoles07,,
crispoma83,,
crispu48,,
crisrosales,,
crisssww,,
"cristalexpress_",,
cristcodog,,
cristhetic,,
"cristhian_roque",,
cristianaaa09,,
"cristianap_6",,
cristianapas,,
cristianarf25,,
cristianbaral,,
cristiancuini,,
cristiandimeo,,
cristiandubinka,,
cristianiturri,,
cristianlopezle,,
cristianoway,,
cristifinocchio,,
cristin30582436,,
cristinaap05,,
cristinamoraga1,,
"cristinasegui_",,
cristinazaluchi,,
cristmaldonado1,,
"cristobal_quin",,
cristobalrec,,
cristobalvega,,
cristobalys,,
crlhprati,,
"crlina_",,
crlnessah,,
crmander,,
crnlsamaniego,,
"crow_ti_t",,
"cruz_rdz20",,
cruzdelfin,,
cruzelano,,
cruzvelasquezv,,
"crypto_gyp",,
cryptoballing,,
crysd3,,
csanquiz,,
csc1985,,
csgise,,
cskdns1,,
cskeete,,
css445cn,,
"css6puri62_12",,
"css_mkdayo",,
csssjmw1117,,
cssysm615,,
ctoro1962,,
ctvsm,,
cuchutrilo,,
cuchy68,,
cucojose,,
cucuzzota,,
cuentomisfotos,,
cuerverdinegra,,
cuervo22l,,
cuervoalcira,,
cuervobelmonte,,
cuervoprohibido,,
cukyblanc,,
cultures11,,
cuncha78,,
cuoreitaliano7,,
cuquitaleon,,
cuquitartara,,
curiosono,,
curroairbus,,
curtodeti,,
curutchetpb,,
cydmariefleming,,
cynmagui,,
cynthiaconsoli,,
cynthusanchez,,
"cypherseoks_",,
cyzal,,
d4rkprinc3ss,,
"d_martinezdias",,
"d_viktorfers",,
daa044,,
dacor076,,
"daddy__crow",,
daddydiego90,,
dagarrofe,,
"dahia_belu",,
daianafemenia,,
daianam1998,,
daiibenitezcarp,,
daimolinari,,
dalansefika,,
daleporve,,
"dalla_all",,
"dalxx__",,
"damato_juan",,
"damcas_33",,
damianbendiske,,
damianbruder,,
damianmarti,,
damianseguros,,
damiantyg,,
damimj,,
dammhe,,
"dan_lande",,
"dan_sanch",,
danago1977,,
dancabaleiro,,
danellepouse,,
"dani_canale",,
"dani_garcia4444",,
"dani_lake1",,
"dani_psique",,
daniamaiaa,,
danicedron,,
danichung,,
danieelarojas,,
daniela70559520,,
"daniela___24",,
"daniela_arrimar",,
"daniela_filipa5",,
"daniela_noles",,
danielaabaiao,,
danielafilipa63,,
danielagont,,
danielaltman,,
danielamansur2,,
"danielarias_01",,
danielconramon,,
danielcuellar03,,
danielddiaz2,,
danielf1107,,
danielfonsalido,,
danielgermangon,,
danieli75924885,,
danielita89,,
"danielle_wba99",,
daniellesmithsl,,
danielmarano3,,
danielmendes444,,
danielmorris882,,
"danielocr_",,
danielq1967,,
danielrcast,,
"daniels_diaz",,
danielst33,,
danielv0801,,
"danii_aaf",,
daniir3s,,
danilopesok,,
danipeniaa,,
daniperrotta,,
danisarmi40,,
danisonpacheco,,
"danna_iglesias",,
dannahueso,,
"danny_nevill",,
dannydleamon72,,
dannyjo28427587,,
dannyorella,,
danoalonso,,
danshu83,,
dante7861,,
"danuchi_87",,
danudaniela87,,
"dany__u",,
danybless83,,
dapealseguros,,
daralcosta,,
darbelleza531,,
darbu69,4pelagatos4,1
dardison,,
dariennchiluiza,,
dario24fs,,
"dario_bainotti",,
dariogurvich,,
darioleandro99,,
darioma44052650,,
dariosubatok,,
darkhorizon72,,
darknestgirl,,
darocolaone,,
darsurf,,
dartagio,,
daryxorn,,
dasomagu,,
datguyyque,,
daulinsurance,,
davecaos,,
davedrs11,,
davefutebol,,
daveyk317,,
"david_bessa",,
davidccsve1,,
davidfurti,,
davidjltre,,
davidlillo,,
davidnapodavid,,
"davinci_arg",,
davtramol,,
day53701323,,
db7seven,,
dbiselli,,
dborafilip,,
dbutron20,,
"dc_zaius",,
"dd_diana_",,
dddxnl,,
ddmendozac,,
ddritter,,
"de_crisarman",,
"debaptiste_john",,
debbyyjesus,,
"debc_10",,
debhuisman,,
debmartiins,,
debnorbis,,
deboraaa03,,
deborahehart,,
debsoledad,,
debyargentina,,
decalitro,,
december1515,,
decofiestasyari,,
decoradora28,,
deepconu,,
degordep,,
"deiphos_91",,
"deivid_eze_m",,
del0svientos,,
"del_slp",,
delacann,,
delarueem,,
delfina86540211,,
delfossebernard,,
delgado1501615,,
delgodys,,
deliriosodeseos,,
dellariky,,
deloittearg,,
deltonebankk,,
delusyl,,
demers4lise,,
"demilade_og",,
democracia2017,,
deninhonell,,
deniscusson,,
denniscenturio,,
"dentix_es",,
deplorablem1ke,,
depormotokart,,
"der_timo_5",,
derickmhone,,
derlisandova,,
desantiagocl,,
"desastres_adn",,
descartafdp,,
deschadul,,
"desde_1901",,
desdelalucila,,
"desk_in_corner",,
"deski_jr",,
desnortados,,
deusvult52,,
devotnel,,
"dew_endtheworld",,
deyaniralemus3,,
deysukiz,,
dfptop,,
dfranco,,
dgalanti,,
dgbravo,"Arcap_",1
dgcs,,
dgcyl,,
dgolzman,,
dgomezco,,
dgonzalez80,,
dgseguros,,
dguillorme,,
dhiaga,,
dhiamekni8,,
diabolorojo,,
diagil1784,,
"diago_nutri",,
diana81007030,,
diana98soares,,
"diana__arreguin",,
"diana_abarbie",,
"diana_cruz16",,
dianaffgomes,,
dianafi49291424,,
dianafraga29,,
dianamcolautti,,
dianapena99,,
dianapi64960895,,
"dianasan_13",,
diapymeechevar1,,
diariodeabordo,,
diariodturismo,,
diazdevivar9,,
diazhipolito,,
diazjesus80,,
didiluly,,
"die__garcia",,
dieg0nob,,
diegaotw,,
diegeekster,,
"diego_domi",,
"diego_maqueda",,
"diego_tomasino",,
"diego_videla",,
diegobraun,,
"diegobross_",assistcard,1
diegoducrey,,
diegoeduardo0,,
diegoeidman,,
diegofcojebro,,
diegoholly,,
diegojpena,,
diegonavarrotdf,,
diegool1975,,
diegopaulich,,
diegopfernandez,,
diegorottman,,
diegotoro8,,
diegovalotta,,
diegoyviviana,,
dieguitolunaok,,
diesebgar,,
difusorags,,
digcaits,,
diiparrao,,
"dil_dilber",,
diliana69961520,,
diloatodos,,
dinasofyy,,
dinerosegurotv,,
dinorabustaman3,,
dinoratoloza,,
dinotovar,,
dinunziogio,,
diocemarseille,,
diocesedebayeux,,
diocesedelyon,,
"direct_es",,
disco106fm,,
disneydreamsar,,
dispatcherleo,,
distillerymad,,
"dito_pe",,
dittolop,,
divinex334,,
dixtilly,,
"diz_del",,
djdarkv85,,
djriveraros,,
dkvseguros,,
dmalecita,,
dmfsilva14,,
dmorales128,,
dmvanesa,,
dmxnn,,
dn641608671,,
dndconsumidor,,
dnixch,,
doblevep,,
docinaboxus,,
docknowsmusic,,
dodacquisition,,
dodion,JeanMarcLeger1,1
dododway1,,
dog2216,,
dog4zebra,,
dokanshinkarate,,
"dollarfresh_mc",,
dolldxblxs,,
doloresprezgar1,,
doloressalazar8,,
domarmstrong03,,
domrodrigo2014,,
dondomfabien,,
dorelyroman,,
dorin73dorin,,
dorisduran,,
"dorland_mackey",,
dorthorond,,
dos2visiones,,
dossierpolitico,,
dossiertv,,
dottnet,,
"dotun_ade",,
doug0921,,
dpenguern,,
"dra_markitty",assistcard,1
draftercrafts,,
dragondeolivos,,
dragonet007,,
drakarensoto,,
draopinologa,,
drcahernandez,,
drcarloscordova,,
drcassole,,
drcoloso,,
drcristialoyola,,
dreamer4blue,,
dreamingbc,,
dreamycss,,
"dresch_agustin",,
drhcaldicott,,
dri1724,,
driaaaaaaa,,
"drivers_academy",,
drmanuk1,,
drmauvillalobos,,
drouinda,,
drpeb,,
druidaviejo,,
duartebarros666,,
duda21comper,,
dufa31,,
